id,date,charger_id,number_sessions,power,average_duration,unique_sessions,repeat_sessions,succesfull_payments,failed_payments,avg_idle_time_day,avg_idle_time_session,heartbeats
638,2024-10-03,7397,40,1606.8,76,7,33,12,18,1,9,295
878,2024-10-27,7397,21,463.6,82,8,13,19,12,1,1,648
478,2024-09-17,7397,41,1667.0,39,6,35,34,7,1,5,234
98,2024-08-10,7397,45,1907.7,94,6,39,31,14,1,3,395
358,2024-09-05,7397,29,944.9,55,5,24,18,11,1,4,819
59,2024-08-06,1748,36,1366.1,93,5,31,19,7,1,3,823
865,2024-10-26,8601,43,1787.3,48,8,35,16,7,1,3,848
37,2024-08-04,5690,39,1546.6,41,3,36,18,11,1,3,623
124,2024-08-13,3038,22,523.7,54,0,22,11,1,1,3,405
303,2024-08-31,6638,15,300.9,66,10,5,16,9,1,3,810
590,2024-09-29,7577,44,1847.5,52,7,37,24,20,1,3,149
120,2024-08-13,7577,34,1245.8,96,10,24,16,8,1,7,861
137,2024-08-14,5690,37,1426.3,61,0,37,15,2,1,7,702
641,2024-10-04,9434,27,824.6,100,8,19,22,5,1,7,992
911,2024-10-31,9434,43,1787.3,20,8,35,34,9,1,7,853
287,2024-08-29,5690,44,1847.5,26,4,40,26,18,1,1,966
297,2024-08-30,5690,34,1245.8,28,6,28,16,18,1,1,210
547,2024-09-24,5690,28,884.8,56,3,25,23,5,1,1,922
586,2024-09-28,7131,40,1606.8,77,3,37,34,6,1,1,770
733,2024-10-13,6638,41,1667.0,93,0,41,36,5,1,1,345
749,2024-10-14,1748,9,541.5,47,4,5,14,5,1,1,581
840,2024-10-24,7577,45,1907.7,100,9,36,34,11,1,1,575
894,2024-10-29,3038,44,1847.5,99,9,35,13,11,1,1,924
240,2024-08-25,7577,32,1125.4,82,9,23,23,9,1,9,383
117,2024-08-12,5690,41,1667.0,46,3,38,25,16,1,5,225
373,2024-09-07,6638,40,1606.8,71,0,40,17,13,1,5,451
420,2024-09-12,7577,28,884.8,81,7,21,21,7,1,5,327
530,2024-09-23,7577,42,1727.1,22,10,32,23,19,1,5,974
614,2024-10-01,3038,34,1245.8,33,1,33,16,18,1,5,639
271,2024-08-28,9434,45,1907.7,48,9,36,11,14,1,5,487
285,2024-08-29,8601,38,1486.5,66,4,34,14,14,1,6,450
360,2024-09-06,7577,41,1667.0,57,5,36,17,4,1,6,739
602,2024-09-30,2365,17,222.9,48,10,7,12,5,1,6,366
591,2024-09-29,9434,27,824.6,72,5,22,27,0,1,8,919
835,2024-10-23,8601,30,1005.1,84,10,20,20,10,1,8,917
317,2024-09-01,5690,44,1847.5,93,9,35,33,11,1,4,624
466,2024-09-16,7131,24,644.1,87,7,17,16,18,1,4,211
745,2024-10-14,8601,31,1065.3,61,4,27,26,5,1,4,582
855,2024-10-25,8601,39,1546.6,29,4,35,13,16,1,4,138
294,2024-08-30,3038,42,1727.1,80,9,33,19,13,2,7,164
524,2024-09-22,3038,28,884.8,44,5,23,11,17,2,7,732
62,2024-08-07,2365,10,601.7,30,9,1,15,5,2,7,181
82,2024-08-09,2365,35,1305.9,90,8,27,19,6,2,7,842
183,2024-08-19,6638,37,1426.3,34,6,31,20,17,2,7,418
190,2024-08-20,7577,21,463.6,45,8,13,12,9,2,7,384
465,2024-09-16,8601,33,1185.6,39,1,32,24,9,2,7,534
709,2024-10-10,1748,27,824.6,37,6,21,13,14,2,7,636
4,2024-08-01,3038,34,1245.8,36,5,29,18,16,2,4,615
732,2024-10-13,2365,16,162.7,91,9,7,10,6,2,4,316
462,2024-09-16,2365,39,1546.6,73,8,31,10,9,2,3,548
515,2024-09-21,8601,18,283.1,67,7,11,10,8,2,3,386
575,2024-09-27,8601,21,463.6,89,7,14,14,7,2,3,611
664,2024-10-06,3038,34,1245.8,94,2,32,19,15,2,3,640
539,2024-09-23,1748,29,944.9,49,4,25,19,10,2,3,748
53,2024-08-06,6638,19,343.2,84,9,10,11,8,2,3,505
12,2024-08-02,2365,30,1005.1,93,1,29,11,9,2,3,682
562,2024-09-26,2365,43,1787.3,20,0,43,10,23,2,8,508
782,2024-10-18,2365,25,704.3,52,2,23,12,3,2,8,982
454,2024-09-15,3038,44,1847.5,33,9,35,12,12,2,6,865
16,2024-08-02,7131,27,824.6,48,9,18,19,18,2,6,997
366,2024-09-06,7131,26,764.4,65,3,23,15,1,2,6,475
393,2024-09-09,6638,26,764.4,41,1,25,13,3,2,6,512
661,2024-10-06,9434,30,1005.1,70,5,25,22,8,2,6,746
215,2024-08-22,8601,18,283.1,51,7,11,10,18,2,5,414
544,2024-09-24,3038,39,1546.6,21,10,29,17,12,2,9,559
744,2024-10-14,3038,19,343.2,60,10,9,11,18,2,9,345
704,2024-10-10,3038,37,1426.3,74,10,27,10,7,2,1,632
319,2024-09-01,1748,43,1787.3,46,1,42,26,17,2,2,652
277,2024-08-28,5690,36,1366.1,33,6,30,16,20,2,2,705
383,2024-09-08,6638,13,782.2,96,9,4,16,7,2,9,330
649,2024-10-04,1748,39,1546.6,95,5,34,21,18,2,9,487
761,2024-10-16,9434,28,884.8,24,4,24,18,20,2,2,412
148,2024-08-15,7397,30,1005.1,91,4,26,19,1,2,1,969
349,2024-09-04,1748,25,704.3,97,8,17,14,11,3,7,420
415,2024-09-11,8601,16,162.7,90,1,15,12,14,3,7,822
625,2024-10-02,8601,45,1907.7,84,10,35,11,14,3,7,733
9,2024-08-01,1748,33,1185.6,51,8,25,14,19,3,4,337
38,2024-08-04,7397,45,1907.7,52,3,42,11,24,3,4,951
370,2024-09-07,7577,19,343.2,70,4,15,11,8,3,4,160
166,2024-08-17,7131,25,704.3,52,7,18,13,2,3,4,678
864,2024-10-26,3038,25,704.3,34,4,21,13,2,3,3,376
740,2024-10-14,7577,40,1606.8,59,6,34,16,14,3,3,227
289,2024-08-29,1748,39,1546.6,86,2,37,25,14,3,8,488
84,2024-08-09,3038,24,644.1,70,6,18,19,15,3,8,740
188,2024-08-19,7397,29,944.9,81,1,28,13,16,3,6,254
245,2024-08-25,8601,27,824.6,36,5,22,19,18,3,6,476
722,2024-10-12,2365,24,644.1,64,2,22,17,17,3,6,460
47,2024-08-05,5690,24,644.1,94,0,24,15,9,3,5,682
910,2024-10-31,7577,44,1847.5,78,0,44,21,3,3,5,817
71,2024-08-08,9434,35,1305.9,20,3,32,25,10,3,9,285
167,2024-08-17,5690,42,1727.1,35,2,40,20,2,3,2,507
304,2024-08-31,3038,18,283.1,53,4,14,14,14,3,2,607
577,2024-09-27,5690,29,944.9,93,7,22,17,12,3,2,166
615,2024-10-01,8601,40,1606.8,26,2,38,11,19,3,9,238
769,2024-10-16,1748,20,403.4,82,1,19,13,7,3,9,269
812,2024-10-21,2365,28,884.8,57,0,28,19,9,3,9,885
811,2024-10-21,9434,18,283.1,36,6,12,11,7,3,9,576
439,2024-09-13,1748,13,300.9,32,9,4,12,11,3,1,993
779,2024-10-17,1748,36,1366.1,58,5,31,31,5,3,1,391
670,2024-10-07,7577,19,343.2,62,8,11,12,17,3,9,122
376,2024-09-07,7131,42,1727.1,41,10,32,37,5,3,2,757
386,2024-09-08,7131,35,1305.9,53,2,33,25,10,3,2,966
676,2024-10-07,7131,24,644.1,86,5,19,19,5,3,1,569
238,2024-08-24,7397,45,1907.7,37,3,42,28,17,4,7,259
392,2024-09-09,2365,10,601.7,82,8,2,14,6,4,7,672
553,2024-09-25,6638,30,1005.1,91,8,22,10,10,4,7,120
406,2024-09-10,7131,18,283.1,83,10,8,10,18,4,4,823
157,2024-08-16,5690,11,661.9,58,8,3,15,6,4,4,628
94,2024-08-10,3038,33,1185.6,60,4,29,14,19,4,4,138
529,2024-09-22,1748,37,1426.3,28,10,27,24,13,4,3,241
253,2024-08-26,6638,15,102.5,88,10,5,17,8,4,8,324
678,2024-10-07,7397,37,1426.3,67,1,36,18,9,4,8,470
848,2024-10-24,7397,15,102.5,55,4,11,10,5,4,8,107
834,2024-10-23,3038,40,1606.8,20,9,31,13,7,4,8,251
175,2024-08-18,8601,21,463.6,28,3,18,13,8,4,6,535
182,2024-08-19,2365,14,42.4,84,6,8,11,13,4,6,295
719,2024-10-11,1748,33,1185.6,24,3,30,17,6,4,6,657
130,2024-08-14,7577,43,1787.3,22,10,33,11,12,4,5,930
105,2024-08-11,8601,38,1486.5,67,4,34,15,3,4,5,387
123,2024-08-13,6638,38,1486.5,79,4,34,17,11,4,5,351
330,2024-09-03,7577,37,1426.3,76,6,31,18,19,4,5,709
828,2024-10-22,7397,39,1546.6,57,0,39,10,9,4,5,996
140,2024-08-15,7577,45,1907.7,94,0,45,12,13,4,2,919
435,2024-09-13,8601,34,1245.8,39,9,25,10,4,4,2,911
509,2024-09-20,1748,28,884.8,97,4,24,15,3,4,2,307
629,2024-10-02,1748,27,824.6,44,0,27,11,6,4,2,803
518,2024-09-21,7397,45,1907.7,64,0,45,14,21,4,9,838
665,2024-10-06,8601,29,944.9,96,3,26,10,9,4,9,840
858,2024-10-25,7397,26,764.4,64,0,26,26,0,4,9,833
234,2024-08-24,3038,38,1486.5,33,6,32,17,11,4,1,777
414,2024-09-11,3038,25,704.3,33,8,17,13,2,4,1,604
789,2024-10-18,1748,35,1305.9,37,10,25,17,18,6,7,280
142,2024-08-15,2365,38,1486.5,69,1,37,10,18,6,7,564
361,2024-09-06,9434,33,1185.6,59,10,23,17,6,6,7,660
891,2024-10-29,9434,43,1787.3,58,9,34,17,6,6,7,564
540,2024-09-24,7577,26,764.4,70,9,17,16,20,6,4,367
875,2024-10-27,8601,35,1305.9,88,5,30,29,6,6,4,794
115,2024-08-12,8601,19,343.2,24,1,18,12,7,6,4,361
333,2024-09-03,6638,30,1005.1,42,9,21,13,7,6,3,212
762,2024-10-16,2365,25,704.3,31,5,20,11,4,6,3,296
74,2024-08-08,3038,39,1546.6,79,5,34,14,15,6,8,511
771,2024-10-17,9434,39,1546.6,66,8,31,16,3,6,8,771
729,2024-10-12,1748,33,1185.6,20,6,27,13,20,6,8,900
220,2024-08-23,7577,20,403.4,91,4,16,20,0,6,8,298
80,2024-08-09,7577,41,1667.0,50,1,40,19,2,6,6,115
477,2024-09-17,5690,36,1366.1,56,9,27,30,6,6,6,284
436,2024-09-13,7131,21,463.6,97,4,17,17,14,6,5,103
221,2024-08-23,9434,19,343.2,59,9,10,19,0,6,9,124
352,2024-09-05,2365,40,1606.8,90,10,30,19,11,6,1,483
10,2024-08-02,7577,32,1125.4,49,0,32,16,16,6,2,375
517,2024-09-21,5690,41,1667.0,94,9,32,29,12,6,2,329
446,2024-09-14,7131,20,403.4,75,6,14,17,13,6,2,121
626,2024-10-02,7131,15,102.5,54,4,11,12,13,6,2,214
726,2024-10-12,7131,34,1245.8,91,1,33,18,6,6,2,165
712,2024-10-11,2365,16,162.7,25,10,6,10,16,6,2,234
14,2024-08-02,3038,36,1366.1,95,10,26,20,16,6,2,691
674,2024-10-07,3038,16,162.7,62,8,8,10,16,6,2,161
187,2024-08-19,5690,37,1426.3,50,8,29,17,20,6,2,681
337,2024-09-03,5690,36,1366.1,22,8,28,36,0,5,7,249
388,2024-09-08,7397,40,1606.8,90,6,34,28,12,5,7,535
725,2024-10-12,8601,45,1907.7,90,9,36,39,6,5,7,173
582,2024-09-28,2365,23,583.9,72,6,17,14,9,5,7,768
173,2024-08-18,6638,20,403.4,24,4,16,18,12,5,7,485
600,2024-09-30,7577,44,1847.5,60,10,34,34,10,5,4,464
871,2024-10-27,9434,39,1546.6,95,10,29,15,4,5,4,565
507,2024-09-20,5690,37,1426.3,81,6,31,12,5,5,4,990
334,2024-09-03,3038,43,1787.3,99,2,41,26,17,5,4,896
280,2024-08-29,7577,45,1907.7,47,5,40,23,2,5,4,916
623,2024-10-02,6638,9,541.5,49,7,2,13,6,5,3,641
472,2024-09-17,2365,41,1667.0,65,7,34,13,8,5,3,763
570,2024-09-27,7577,40,1606.8,33,10,30,10,20,5,3,599
405,2024-09-10,8601,44,1847.5,43,3,41,27,17,5,3,717
258,2024-08-26,7397,14,42.4,71,5,9,17,7,5,8,909
508,2024-09-20,7397,33,1185.6,69,1,32,25,8,5,9,376
780,2024-10-18,7577,25,704.3,90,1,24,12,3,5,2,741
273,2024-08-28,6638,40,1606.8,48,10,30,16,14,5,5,929
384,2024-09-08,3038,32,1125.4,39,6,26,18,14,5,6,985
541,2024-09-24,9434,26,764.4,97,6,20,13,3,5,9,931
909,2024-10-30,1748,31,1065.3,69,3,28,17,14,5,9,128
571,2024-09-27,9434,29,944.9,88,7,22,29,0,5,5,706
573,2024-09-27,6638,10,361.0,44,8,2,12,8,5,2,921
738,2024-10-13,7397,21,463.6,34,8,13,10,11,5,2,598
243,2024-08-25,6638,28,884.8,100,2,26,22,6,5,1,692
275,2024-08-28,8601,25,704.3,83,8,17,11,4,5,2,221
644,2024-10-04,3038,21,463.6,50,2,19,19,12,5,1,914
496,2024-09-19,7131,31,1065.3,21,1,30,16,5,8,7,970
727,2024-10-12,5690,41,1667.0,52,1,40,11,20,8,7,321
881,2024-10-28,9434,40,1606.8,74,1,39,17,13,8,7,621
612,2024-10-01,2365,27,824.6,60,6,21,18,19,8,7,310
257,2024-08-26,5690,14,42.4,71,2,12,16,8,8,7,849
917,2024-10-31,5690,32,1125.4,65,1,31,13,9,8,4,495
299,2024-08-30,1748,42,1727.1,25,10,32,31,11,8,4,265
203,2024-08-21,6638,33,1185.6,47,2,31,33,0,8,4,423
21,2024-08-03,9434,39,1546.6,60,3,36,18,1,8,4,423
754,2024-10-15,3038,36,1366.1,48,8,28,11,15,8,3,392
703,2024-10-10,6638,36,1366.1,39,7,29,14,12,8,3,849
375,2024-09-07,8601,42,1727.1,98,4,38,31,11,8,3,406
559,2024-09-25,1748,32,1125.4,21,5,27,14,8,8,3,124
184,2024-08-19,3038,23,583.9,40,10,13,11,12,8,8,399
331,2024-09-03,9434,21,463.6,40,8,13,18,13,8,8,358
777,2024-10-17,5690,40,1606.8,92,9,31,20,20,8,8,643
873,2024-10-27,6638,24,644.1,49,7,17,14,20,8,8,757
743,2024-10-14,6638,41,1667.0,89,1,40,24,17,8,2,594
25,2024-08-03,8601,30,1005.1,40,1,29,24,6,8,2,878
162,2024-08-17,2365,29,944.9,86,10,19,21,8,8,6,921
519,2024-09-21,1748,12,722.0,29,6,6,12,0,8,9,855
797,2024-10-19,5690,13,300.9,71,9,4,14,9,8,9,153
622,2024-10-02,2365,16,162.7,94,2,14,14,12,8,6,861
172,2024-08-18,2365,28,884.8,25,7,21,18,10,8,5,679
481,2024-09-18,9434,44,1847.5,100,8,36,21,3,8,1,594
284,2024-08-29,3038,37,1426.3,57,9,28,31,6,20,7,373
821,2024-10-22,9434,37,1426.3,56,9,28,25,12,3,7,568
432,2024-09-13,2365,9,541.5,91,4,5,10,9,17,7,190
533,2024-09-23,6638,31,1065.3,97,3,28,21,10,13,7,712
52,2024-08-06,2365,40,1606.8,71,9,31,17,13,27,7,420
579,2024-09-27,1748,22,523.7,30,3,19,16,16,44,7,465
609,2024-09-30,1748,21,463.6,35,7,14,13,18,27,7,858
371,2024-09-07,9434,41,1667.0,39,0,41,13,8,11,7,657
831,2024-10-23,9434,11,661.9,49,3,8,10,11,29,7,230
841,2024-10-24,9434,38,1486.5,32,9,29,19,19,11,7,935
149,2024-08-15,1748,22,523.7,51,4,18,18,14,9,7,788
784,2024-10-18,3038,36,1366.1,56,7,29,12,14,34,4,602
261,2024-08-27,9434,31,1065.3,69,4,27,17,4,11,4,474
746,2024-10-14,7131,40,1606.8,93,0,40,33,7,14,4,513
803,2024-10-20,6638,40,1606.8,48,7,33,40,0,27,4,222
787,2024-10-18,5690,39,1546.6,29,0,39,31,8,35,4,938
36,2024-08-04,7131,29,944.9,81,7,22,18,11,36,4,218
690,2024-10-09,7577,45,1907.7,37,3,42,45,0,27,4,975
409,2024-09-10,1748,20,403.4,31,0,20,18,12,9,4,657
669,2024-10-06,1748,39,1546.6,78,7,32,20,19,9,4,491
267,2024-08-27,5690,18,283.1,75,4,14,16,12,7,4,443
512,2024-09-21,2365,9,541.5,38,7,2,19,0,17,3,460
642,2024-10-04,2365,36,1366.1,95,3,33,13,3,29,3,574
660,2024-10-06,7577,43,1787.3,72,7,36,13,20,33,3,640
751,2024-10-15,9434,37,1426.3,21,7,30,15,2,42,3,737
89,2024-08-09,1748,42,1727.1,53,4,38,37,5,34,3,190
791,2024-10-19,9434,26,764.4,21,0,26,16,20,21,3,413
817,2024-10-21,5690,39,1546.6,22,0,39,10,19,41,3,446
631,2024-10-03,9434,24,644.1,80,3,21,13,11,9,3,477
653,2024-10-05,6638,21,463.6,21,7,14,13,8,11,8,632
92,2024-08-10,2365,44,1847.5,62,9,35,28,16,36,8,475
232,2024-08-24,2365,24,644.1,68,3,21,10,14,7,8,642
90,2024-08-10,7577,42,1727.1,79,3,39,10,22,16,8,715
860,2024-10-26,7577,30,1005.1,53,7,23,10,20,45,8,449
624,2024-10-02,3038,39,1546.6,77,0,39,32,7,26,8,616
274,2024-08-28,3038,37,1426.3,54,7,30,19,8,29,8,743
604,2024-09-30,3038,27,824.6,79,4,23,17,20,17,8,711
498,2024-09-19,7397,41,1667.0,77,7,34,32,9,20,8,449
85,2024-08-09,8601,39,1546.6,52,9,30,10,9,7,8,116
15,2024-08-02,8601,30,1005.1,39,7,23,10,10,27,8,708
81,2024-08-09,9434,34,1245.8,98,9,25,17,7,20,8,264
411,2024-09-11,9434,33,1185.6,88,7,26,21,12,9,5,988
506,2024-09-20,7131,14,42.4,30,3,11,11,13,9,6,142
40,2024-08-05,7577,40,1606.8,44,0,40,20,20,9,6,324
693,2024-10-09,6638,45,1907.7,29,9,36,28,17,9,1,107
2,2024-08-01,2365,26,764.4,66,9,17,13,3,9,1,480
724,2024-10-12,3038,19,343.2,79,4,15,13,16,9,2,338
618,2024-10-01,7397,40,1606.8,67,0,40,14,6,9,1,979
691,2024-10-09,9434,42,1727.1,91,9,33,32,10,9,2,896
178,2024-08-18,7397,34,1245.8,42,9,25,10,4,44,5,491
574,2024-09-27,3038,23,583.9,42,9,14,15,8,15,5,355
859,2024-10-25,1748,20,403.4,47,9,11,17,13,16,6,205
286,2024-08-29,7131,17,222.9,38,9,8,14,13,25,6,342
54,2024-08-06,3038,45,1907.7,31,9,36,13,22,35,6,653
417,2024-09-11,5690,45,1907.7,73,9,36,19,16,17,6,125
209,2024-08-21,1748,34,1245.8,86,9,25,21,13,7,6,559
174,2024-08-18,3038,42,1727.1,73,9,33,16,16,7,9,766
483,2024-09-18,6638,41,1667.0,62,3,38,28,13,37,5,370
778,2024-10-17,7397,35,1305.9,31,3,32,16,9,32,6,638
767,2024-10-16,5690,26,764.4,29,3,23,16,20,7,6,424
205,2024-08-21,8601,45,1907.7,84,3,42,19,16,33,6,579
585,2024-09-28,8601,43,1787.3,48,3,40,13,10,7,6,963
634,2024-10-03,3038,37,1426.3,97,3,34,28,9,7,6,682
248,2024-08-25,7397,37,1426.3,74,3,34,15,2,19,2,100
758,2024-10-15,7397,25,704.3,45,3,22,16,19,39,1,607
116,2024-08-12,7131,31,1065.3,83,7,24,15,16,12,5,487
189,2024-08-19,1748,25,704.3,80,4,21,13,2,26,5,992
804,2024-10-20,3038,39,1546.6,34,0,39,16,3,13,5,758
448,2024-09-14,7397,23,583.9,40,7,16,23,0,11,5,686
823,2024-10-22,6638,23,583.9,83,0,23,14,19,3,5,801
41,2024-08-05,9434,26,764.4,22,0,26,17,19,50,5,816
593,2024-09-29,6638,20,403.4,91,7,13,13,17,46,6,911
199,2024-08-20,1748,45,1907.7,66,4,41,10,15,14,6,580
854,2024-10-25,3038,41,1667.0,48,0,41,36,5,34,6,403
723,2024-10-12,6638,38,1486.5,69,4,34,33,5,43,1,336
353,2024-09-05,6638,45,1907.7,64,7,38,17,18,7,1,966
742,2024-10-14,2365,37,1426.3,20,4,33,25,12,31,1,645
382,2024-09-08,2365,43,1787.3,21,0,43,31,12,44,9,674
380,2024-09-08,7577,36,1366.1,46,4,32,19,17,27,9,249
560,2024-09-26,7577,27,824.6,60,0,27,16,1,11,1,334
70,2024-08-08,7577,38,1486.5,65,0,38,21,17,25,1,507
224,2024-08-23,3038,35,1305.9,92,0,35,27,8,44,2,412
155,2024-08-16,8601,42,1727.1,50,4,38,12,20,24,2,134
135,2024-08-14,8601,33,1185.6,63,4,29,27,6,17,2,290
396,2024-09-09,7131,26,764.4,22,4,22,16,10,26,9,883
617,2024-10-01,5690,44,1847.5,83,7,37,39,5,26,9,419
877,2024-10-27,5690,20,403.4,24,4,16,13,7,7,9,110
643,2024-10-04,6638,44,1847.5,24,6,38,10,24,23,7,201
345,2024-09-04,8601,20,403.4,74,6,14,11,9,25,7,900
516,2024-09-21,7131,24,644.1,25,6,18,17,7,7,7,880
870,2024-10-27,7577,22,523.7,56,6,16,16,16,9,3,429
794,2024-10-19,3038,37,1426.3,26,6,31,18,19,46,3,898
505,2024-09-20,8601,37,1426.3,91,6,31,16,1,45,8,986
179,2024-08-18,1748,11,661.9,99,6,5,12,9,9,5,563
651,2024-10-05,9434,37,1426.3,34,6,31,12,5,25,5,673
504,2024-09-20,3038,31,1065.3,20,6,25,18,3,21,5,311
260,2024-08-27,7577,26,764.4,48,6,20,17,19,18,5,111
356,2024-09-05,7131,43,1787.3,68,6,37,38,5,31,5,959
587,2024-09-28,5690,38,1486.5,63,6,32,32,6,3,5,725
24,2024-08-03,3038,41,1667.0,91,6,35,10,11,42,6,239
63,2024-08-07,6638,39,1546.6,40,6,33,22,17,2,9,793
592,2024-09-29,2365,31,1065.3,59,6,25,20,11,48,1,564
180,2024-08-19,7577,37,1426.3,73,6,31,32,5,49,1,873
474,2024-09-17,3038,31,1065.3,53,6,25,16,15,14,2,231
34,2024-08-04,3038,34,1245.8,98,6,28,11,3,40,1,601
305,2024-08-31,8601,31,1065.3,53,6,25,10,11,29,1,106
621,2024-10-02,9434,40,1606.8,57,2,38,17,13,15,7,925
369,2024-09-06,1748,41,1667.0,23,2,39,36,5,44,7,866
645,2024-10-04,8601,35,1305.9,22,2,33,20,15,25,7,154
397,2024-09-09,5690,43,1787.3,76,2,41,11,22,1,7,224
225,2024-08-23,8601,31,1065.3,44,2,29,18,13,7,7,799
235,2024-08-24,8601,23,583.9,89,2,21,12,11,45,4,252
133,2024-08-14,6638,36,1366.1,89,2,34,14,2,9,3,310
484,2024-09-18,3038,42,1727.1,96,2,40,10,12,12,3,848
476,2024-09-17,7131,28,884.8,43,2,26,11,17,33,3,562
677,2024-10-07,5690,24,644.1,95,2,22,24,0,17,3,706
279,2024-08-28,1748,35,1305.9,27,2,33,15,10,9,3,533
346,2024-09-04,7131,29,944.9,43,2,27,19,20,46,8,884
424,2024-09-12,3038,34,1245.8,98,2,32,16,18,44,5,434
572,2024-09-27,2365,29,944.9,65,2,27,12,17,7,6,623
263,2024-08-27,6638,27,824.6,74,2,25,17,10,16,9,622
684,2024-10-08,3038,13,782.2,77,2,11,15,8,39,1,883
161,2024-08-17,9434,28,884.8,35,2,26,19,9,48,1,115
421,2024-09-12,9434,43,1787.3,25,2,41,26,17,45,2,203
576,2024-09-27,7131,21,463.6,38,2,19,10,11,24,1,392
434,2024-09-13,3038,43,1787.3,42,8,35,16,7,13,7,832
493,2024-09-19,6638,41,1667.0,79,8,33,19,2,22,7,439
633,2024-10-03,6638,24,644.1,70,8,16,13,11,40,7,461
527,2024-09-22,5690,37,1426.3,77,8,29,30,7,9,7,189
146,2024-08-15,7131,43,1787.3,28,8,35,38,5,7,7,607
766,2024-10-16,7131,34,1245.8,29,8,26,12,12,7,7,560
798,2024-10-19,7397,34,1245.8,89,8,26,14,20,48,4,579
897,2024-10-29,5690,45,1907.7,57,8,37,17,8,24,4,267
292,2024-08-30,2365,35,1305.9,48,8,27,24,11,9,3,987
809,2024-10-20,1748,36,1366.1,93,8,28,18,8,25,3,422
801,2024-10-20,9434,30,1005.1,77,8,22,30,0,31,3,622
326,2024-09-02,7131,39,1546.6,42,8,31,27,12,35,3,522
770,2024-10-17,7577,29,944.9,76,8,21,18,11,20,8,104
528,2024-09-22,7397,44,1847.5,44,8,36,37,7,46,8,713
425,2024-09-12,8601,9,541.5,72,8,1,11,8,38,8,191
31,2024-08-04,9434,38,1486.5,74,8,30,19,9,9,6,940
35,2024-08-04,8601,26,764.4,78,8,18,12,14,33,5,683
403,2024-09-10,6638,40,1606.8,57,8,32,14,6,2,1,937
323,2024-09-02,6638,24,644.1,77,8,16,11,13,7,9,588
502,2024-09-20,2365,41,1667.0,78,8,33,24,17,21,9,540
132,2024-08-14,2365,26,764.4,38,8,18,16,10,47,9,950
310,2024-09-01,7577,40,1606.8,93,8,32,19,1,28,9,739
276,2024-08-28,7131,44,1847.5,50,8,36,23,1,40,2,607
344,2024-09-04,3038,42,1727.1,81,1,41,42,0,23,7,854
177,2024-08-18,5690,22,523.7,52,1,21,18,14,33,4,399
565,2024-09-26,8601,45,1907.7,31,1,44,35,10,26,4,333
710,2024-10-11,7577,29,944.9,49,1,28,16,3,33,4,976
820,2024-10-22,7577,29,944.9,48,1,28,29,0,25,4,124
825,2024-10-22,8601,24,644.1,64,1,23,12,12,44,4,959
143,2024-08-15,6638,27,824.6,56,1,26,15,2,17,3,392
747,2024-10-14,5690,24,644.1,86,1,23,18,16,13,3,731
60,2024-08-07,7577,32,1125.4,38,1,31,13,19,7,8,229
394,2024-09-09,3038,39,1546.6,80,1,38,15,4,8,8,140
45,2024-08-05,8601,29,944.9,52,1,28,15,14,14,5,450
139,2024-08-14,1748,42,1727.1,66,1,41,22,20,5,5,911
335,2024-09-03,8601,42,1727.1,43,1,41,13,19,37,5,834
343,2024-09-04,6638,42,1727.1,33,1,41,35,7,13,5,829
160,2024-08-17,7577,37,1426.3,40,1,36,19,18,42,6,307
730,2024-10-13,7577,37,1426.3,98,1,36,16,1,50,6,450
23,2024-08-03,6638,22,523.7,24,1,21,13,9,9,9,618
532,2024-09-23,2365,32,1125.4,38,1,31,16,6,33,1,399
680,2024-10-08,7577,25,704.3,66,1,24,10,15,17,9,427
850,2024-10-25,7577,34,1245.8,20,1,33,18,16,25,2,573
30,2024-08-04,7577,41,1667.0,68,1,40,36,5,38,1,325
154,2024-08-16,3038,29,944.9,44,1,28,17,12,36,2,789
255,2024-08-26,8601,45,1907.7,95,1,44,39,6,26,9,247
55,2024-08-06,8601,38,1486.5,20,1,37,33,5,41,9,797
239,2024-08-24,1748,40,1606.8,52,1,39,14,6,7,9,433
265,2024-08-27,8601,24,644.1,67,10,14,13,1,4,4,115
538,2024-09-23,7397,35,1305.9,33,10,25,26,9,18,4,296
616,2024-10-01,7131,45,1907.7,68,10,35,29,16,20,4,742
836,2024-10-23,7131,13,782.2,60,10,3,13,10,11,4,710
896,2024-10-29,7131,44,1847.5,66,10,34,13,21,42,4,276
351,2024-09-05,9434,25,704.3,64,10,15,13,12,46,4,567
495,2024-09-19,8601,11,541.5,81,10,1,16,5,7,4,139
163,2024-08-17,6638,27,824.6,32,10,17,11,16,9,3,596
892,2024-10-29,2365,44,1847.5,42,10,34,14,20,7,3,541
311,2024-09-01,9434,25,704.3,78,10,15,11,14,50,3,222
701,2024-10-10,9434,43,1787.3,21,10,33,15,18,30,3,440
200,2024-08-21,7577,33,1185.6,51,10,23,23,10,7,8,725
838,2024-10-23,7397,42,1727.1,43,10,32,20,2,37,8,898
56,2024-08-06,7131,34,1245.8,52,10,24,19,15,44,8,579
792,2024-10-19,2365,43,1787.3,97,10,33,17,6,9,6,436
259,2024-08-26,1748,29,944.9,89,10,19,11,18,33,5,667
13,2024-08-02,6638,16,162.7,67,10,6,14,12,24,5,143
431,2024-09-13,9434,43,1787.3,50,10,33,14,19,36,5,510
430,2024-09-13,7577,24,644.1,23,10,14,10,4,28,6,392
874,2024-10-27,3038,34,1245.8,27,10,24,10,4,36,6,627
283,2024-08-29,6638,37,1426.3,94,10,27,19,18,7,6,164
223,2024-08-23,6638,37,1426.3,27,10,27,10,7,41,9,853
463,2024-09-16,6638,15,102.5,60,10,5,10,15,48,1,701
342,2024-09-04,2365,42,1727.1,62,10,32,29,13,15,9,357
152,2024-08-16,2365,37,1426.3,24,10,27,14,13,9,1,682
332,2024-09-03,2365,28,884.8,76,10,18,10,8,19,1,423
338,2024-09-03,7397,38,1486.5,31,10,28,13,5,7,9,361
365,2024-09-06,8601,41,1667.0,35,10,31,10,21,16,9,473
207,2024-08-21,5690,41,1667.0,44,10,31,36,5,18,1,919
407,2024-09-10,5690,37,1426.3,74,5,32,25,12,16,8,176
307,2024-08-31,5690,28,884.8,82,5,23,17,1,21,8,749
213,2024-08-22,6638,15,102.5,76,5,10,16,9,30,8,564
64,2024-08-07,3038,25,704.3,45,5,20,17,8,27,8,132
711,2024-10-11,9434,25,704.3,81,5,20,18,17,30,8,658
134,2024-08-14,3038,15,102.5,24,5,10,10,15,39,8,860
461,2024-09-16,9434,17,222.9,54,5,12,14,13,25,8,867
535,2024-09-23,8601,23,583.9,89,5,18,13,20,7,8,176
61,2024-08-07,9434,36,1366.1,93,5,31,18,8,22,7,930
101,2024-08-11,9434,44,1847.5,46,5,39,16,18,22,7,887
195,2024-08-20,8601,34,1245.8,90,5,29,21,13,39,4,318
619,2024-10-01,1748,34,1245.8,24,5,29,21,13,42,4,855
857,2024-10-25,5690,36,1366.1,69,5,31,15,11,46,3,750
696,2024-10-09,7131,40,1606.8,34,5,35,21,19,32,3,478
741,2024-10-14,9434,41,1667.0,84,5,36,19,12,46,3,210
833,2024-10-23,6638,19,343.2,21,5,14,12,17,9,2,263
814,2024-10-21,3038,39,1546.6,40,5,34,10,9,9,1,615
210,2024-08-22,7577,43,1787.3,69,5,38,37,6,15,5,419
824,2024-10-22,3038,30,1005.1,74,5,25,30,0,7,5,812
773,2024-10-17,6638,27,824.6,32,5,22,22,5,18,6,216
501,2024-09-20,9434,31,1065.3,87,5,26,11,10,21,6,336
314,2024-09-01,3038,22,523.7,61,5,17,16,16,21,6,584
503,2024-09-20,6638,38,1486.5,94,5,33,16,12,37,6,589
731,2024-10-13,9434,17,222.9,45,5,12,11,6,7,6,743
348,2024-09-04,7397,9,541.5,27,5,4,12,7,23,1,375
328,2024-09-02,7397,23,583.9,98,5,18,13,10,18,1,607
810,2024-10-21,7577,45,1907.7,41,5,40,19,6,31,2,812
281,2024-08-29,9434,37,1426.3,28,5,32,29,8,4,1,561
566,2024-09-26,7131,36,1366.1,24,5,31,18,18,17,9,261
5,2024-08-01,8601,34,1245.8,67,5,29,12,2,25,2,654
181,2024-08-19,9434,20,403.4,71,5,15,10,20,43,1,733
324,2024-09-02,3038,31,1065.3,54,1,30,27,4,49,7,951
196,2024-08-20,7131,33,1185.6,73,1,32,29,4,8,4,390
433,2024-09-13,6638,39,1546.6,31,1,38,35,4,11,4,887
852,2024-10-25,2365,36,1366.1,99,1,35,32,4,36,4,758
355,2024-09-05,8601,38,1486.5,96,1,37,34,4,2,8,289
227,2024-08-23,5690,42,1727.1,96,1,41,38,4,26,8,851
441,2024-09-14,9434,35,1305.9,59,1,34,31,4,3,2,497
698,2024-10-09,7397,37,1426.3,47,1,36,33,4,2,1,783
398,2024-09-09,7397,40,1606.8,34,1,39,36,4,6,6,931
136,2024-08-14,7131,34,1245.8,96,1,33,30,4,3,5,864
682,2024-10-08,2365,33,1185.6,72,1,32,29,4,10,1,850
451,2024-09-15,9434,34,1245.8,53,10,24,30,4,1,3,761
816,2024-10-21,7131,13,782.2,45,7,6,19,4,5,3,581
491,2024-09-19,9434,36,1366.1,76,10,26,32,4,4,3,101
514,2024-09-21,3038,33,1185.6,29,10,23,29,4,4,3,531
523,2024-09-22,6638,21,463.6,76,8,13,17,4,50,3,248
93,2024-08-10,6638,25,704.3,95,2,23,21,4,37,3,257
568,2024-09-26,7397,21,463.6,38,9,12,17,4,45,3,887
735,2024-10-13,8601,20,403.4,26,4,16,16,4,41,3,825
387,2024-09-08,5690,33,1185.6,32,8,25,29,4,10,3,165
819,2024-10-21,1748,38,1486.5,66,0,38,34,4,46,3,276
460,2024-09-16,7577,34,1245.8,97,3,31,30,4,1,7,910
705,2024-10-10,8601,33,1185.6,53,4,29,29,4,1,7,552
903,2024-10-30,6638,36,1366.1,69,10,26,32,4,5,7,444
128,2024-08-13,7397,33,1185.6,26,7,26,29,4,4,7,913
444,2024-09-14,3038,31,1065.3,72,8,23,27,4,4,7,479
453,2024-09-15,6638,34,1245.8,72,4,30,30,4,27,7,680
887,2024-10-28,5690,34,1245.8,26,7,27,30,4,45,7,923
126,2024-08-13,7131,45,1907.7,37,4,41,41,4,43,7,339
282,2024-08-29,2365,33,1185.6,69,8,25,29,4,9,7,284
721,2024-10-12,9434,17,222.9,75,5,12,13,4,3,6,593
236,2024-08-24,7131,34,1245.8,68,9,25,30,4,4,6,945
588,2024-09-28,7397,36,1366.1,61,10,26,32,4,4,6,986
667,2024-10-06,5690,37,1426.3,54,10,27,33,4,23,6,603
760,2024-10-16,7577,37,1426.3,48,9,28,33,4,32,6,798
546,2024-09-24,7131,40,1606.8,32,9,31,36,4,26,6,634
278,2024-08-28,7397,34,1245.8,79,3,31,30,4,3,6,113
832,2024-10-23,2365,36,1366.1,87,2,34,32,4,48,6,918
720,2024-10-12,7577,32,1125.4,21,8,24,28,4,1,8,759
312,2024-09-01,2365,11,421.2,57,9,2,17,4,5,4,570
776,2024-10-17,7131,31,1065.3,56,3,28,27,4,47,4,771
654,2024-10-05,3038,32,1125.4,61,3,29,28,4,3,4,255
400,2024-09-10,7577,35,1305.9,88,4,31,31,4,21,4,682
321,2024-09-02,9434,36,1366.1,86,2,34,32,4,9,4,701
489,2024-09-18,1748,32,1125.4,25,10,22,28,4,47,4,147
0,2024-08-01,7577,39,1546.6,64,8,31,35,4,3,8,288
67,2024-08-07,5690,31,1065.3,43,5,26,27,4,44,8,337
750,2024-10-15,7577,36,1366.1,100,4,32,32,4,23,8,281
144,2024-08-15,3038,39,1546.6,67,4,35,35,4,8,8,486
455,2024-09-15,8601,11,661.9,73,8,3,17,4,43,8,735
597,2024-09-29,5690,32,1125.4,44,8,24,28,4,11,8,755
452,2024-09-15,2365,34,1245.8,99,5,29,30,4,4,1,197
739,2024-10-13,1748,31,1065.3,28,10,21,27,4,6,5,627
650,2024-10-05,7577,32,1125.4,95,3,29,28,4,9,5,142
44,2024-08-05,3038,40,1606.8,54,6,34,36,4,25,9,161
589,2024-09-28,1748,27,824.6,76,5,22,23,4,49,5,900
218,2024-08-22,7397,33,1185.6,36,9,24,29,4,11,5,351
114,2024-08-12,3038,37,1426.3,100,3,34,33,4,8,2,822
100,2024-08-11,7577,31,1065.3,56,3,28,27,4,33,1,962
457,2024-09-15,5690,34,1245.8,32,7,27,30,4,5,1,282
423,2024-09-12,6638,31,1065.3,45,0,31,27,4,3,5,668
293,2024-08-30,6638,38,1486.5,98,0,38,34,4,27,9,158
102,2024-08-11,2365,32,1125.4,81,2,30,28,4,7,9,268
288,2024-08-29,7397,37,1426.3,30,7,30,33,4,16,2,448
901,2024-10-30,9434,36,1366.1,33,4,32,32,4,29,9,666
78,2024-08-08,7397,22,523.7,40,2,20,19,3,1,7,800
8,2024-08-01,7397,25,704.3,20,0,25,22,3,1,8,382
418,2024-09-11,7397,29,944.9,79,7,22,26,3,1,8,485
868,2024-10-26,7397,40,1606.8,58,7,33,37,3,3,5,652
308,2024-08-31,7397,29,944.9,32,1,28,26,3,6,4,137
18,2024-08-02,7397,28,884.8,65,3,25,25,3,8,2,589
428,2024-09-12,7397,28,884.8,87,6,22,25,3,28,5,459
108,2024-08-11,7397,13,782.2,55,5,8,10,3,36,5,197
728,2024-10-12,7397,24,644.1,33,9,15,21,3,38,5,848
458,2024-09-15,7397,24,644.1,88,9,15,21,3,9,5,677
768,2024-10-16,7397,27,824.6,20,6,21,24,3,14,6,299
658,2024-10-05,7397,24,644.1,64,1,23,21,3,7,6,757
818,2024-10-21,7397,22,523.7,56,3,19,19,3,30,8,655
58,2024-08-06,7397,12,722.0,43,7,5,19,3,18,9,866
138,2024-08-14,7397,22,523.7,100,3,19,19,3,29,9,112
268,2024-08-27,7397,30,1005.1,28,8,22,27,3,29,9,638
908,2024-10-30,7397,22,523.7,80,7,15,19,3,25,1,212
648,2024-10-04,7397,27,824.6,24,9,18,24,3,9,2,503
736,2024-10-13,7131,23,583.9,64,7,16,20,3,2,5,430
646,2024-10-04,7131,22,523.7,82,4,18,19,3,3,2,188
186,2024-08-19,7131,27,824.6,96,5,22,24,3,5,1,348
46,2024-08-05,7131,26,764.4,86,10,16,23,3,4,5,399
826,2024-10-22,7131,21,463.6,27,5,16,18,3,4,5,489
256,2024-08-26,7131,26,764.4,92,3,23,23,3,6,3,695
876,2024-10-27,7131,22,523.7,79,2,20,19,3,22,5,871
176,2024-08-18,7131,30,1005.1,55,4,26,27,3,32,5,504
856,2024-10-25,7131,27,824.6,76,7,20,24,3,22,6,689
846,2024-10-24,7131,21,463.6,22,8,13,18,3,9,6,883
426,2024-09-12,7131,36,1366.1,96,2,34,33,3,37,7,758
796,2024-10-19,7131,28,884.8,40,0,28,25,3,26,4,489
756,2024-10-15,7131,28,884.8,56,3,25,25,3,27,8,503
216,2024-08-22,7131,22,523.7,37,3,19,19,3,7,8,580
716,2024-10-11,7131,29,944.9,65,10,19,26,3,9,3,150
556,2024-09-25,7131,35,1305.9,91,0,35,32,3,29,3,969
526,2024-09-22,7131,28,884.8,99,7,21,25,3,22,2,949
706,2024-10-10,7131,29,944.9,35,0,29,26,3,45,1,137
419,2024-09-11,1748,24,644.1,26,2,22,21,3,1,3,229
889,2024-10-28,1748,21,463.6,82,2,19,18,3,1,9,587
329,2024-09-02,1748,21,463.6,95,2,19,18,3,2,2,663
849,2024-10-24,1748,26,764.4,82,5,21,23,3,3,5,857
679,2024-10-07,1748,28,884.8,48,2,26,25,3,5,8,132
469,2024-09-16,1748,21,463.6,78,0,21,18,3,5,5,188
359,2024-09-05,1748,21,463.6,99,0,21,18,3,47,5,957
169,2024-08-17,1748,45,1907.7,40,1,44,42,3,7,5,241
839,2024-10-23,1748,30,1005.1,39,0,30,27,3,43,7,630
69,2024-08-07,1748,21,463.6,55,1,20,18,3,21,4,253
99,2024-08-10,1748,22,523.7,84,5,17,19,3,19,2,414
39,2024-08-04,1748,12,722.0,27,2,10,19,3,36,2,997
919,2024-10-31,1748,29,944.9,78,9,20,26,3,28,9,570
110,2024-08-12,7577,27,824.6,75,3,24,24,3,2,4,596
790,2024-10-19,7577,26,764.4,46,1,25,23,3,2,4,897
290,2024-08-30,7577,23,583.9,39,10,13,20,3,3,8,381
470,2024-09-17,7577,26,764.4,53,6,20,23,3,3,7,268
480,2024-09-18,7577,5,300.9,68,1,4,12,3,3,6,761
410,2024-09-11,7577,24,644.1,43,0,24,21,3,5,1,418
490,2024-09-19,7577,12,722.0,88,6,6,19,3,6,2,874
440,2024-09-14,7577,21,463.6,94,7,14,18,3,8,1,804
390,2024-09-09,7577,24,644.1,93,8,16,21,3,19,5,202
20,2024-08-03,7577,28,884.8,29,0,28,25,3,11,7,573
830,2024-10-23,7577,26,764.4,63,5,21,23,3,38,4,547
300,2024-08-31,7577,24,644.1,67,3,21,21,3,32,2,285
32,2024-08-04,2365,21,463.6,85,5,16,18,3,2,4,677
912,2024-10-31,2365,25,704.3,60,7,18,22,3,3,8,977
72,2024-08-08,2365,22,523.7,86,9,13,19,3,5,2,255
442,2024-09-14,2365,27,824.6,43,1,26,24,3,6,4,311
482,2024-09-18,2365,28,884.8,30,3,25,25,3,8,1,992
112,2024-08-12,2365,23,583.9,60,1,22,20,3,24,6,364
882,2024-10-28,2365,29,944.9,45,1,28,26,3,9,7,602
872,2024-10-27,2365,21,463.6,72,0,21,18,3,7,7,852
202,2024-08-21,2365,21,463.6,83,6,15,18,3,7,4,978
902,2024-10-30,2365,26,764.4,93,9,17,23,3,31,1,257
813,2024-10-21,6638,22,523.7,77,7,15,19,3,1,9,955
753,2024-10-15,6638,22,523.7,65,10,12,19,3,1,6,898
853,2024-10-25,6638,26,764.4,24,1,25,23,3,1,8,625
683,2024-10-08,6638,28,884.8,87,6,22,25,3,2,2,675
883,2024-10-28,6638,22,523.7,65,1,21,19,3,4,1,936
43,2024-08-05,6638,21,463.6,64,9,12,18,3,24,5,739
603,2024-09-30,6638,25,704.3,88,8,17,22,3,7,3,308
673,2024-10-07,6638,24,644.1,50,3,21,21,3,39,3,830
583,2024-09-28,6638,22,523.7,51,4,18,19,3,28,1,551
251,2024-08-26,9434,30,1005.1,77,9,21,27,3,1,6,630
391,2024-09-09,9434,22,523.7,98,6,16,19,3,2,8,885
717,2024-10-11,5690,25,704.3,66,9,16,22,3,2,6,511
557,2024-09-25,5690,25,704.3,67,4,21,22,3,3,3,123
395,2024-09-09,8601,27,824.6,90,6,21,24,3,5,2,831
141,2024-08-15,9434,21,463.6,78,3,18,18,3,5,9,248
185,2024-08-19,8601,19,343.2,44,0,19,16,3,6,4,642
554,2024-09-25,3038,22,523.7,69,2,20,19,3,6,7,295
521,2024-09-22,9434,28,884.8,39,4,24,25,3,6,6,186
607,2024-09-30,5690,24,644.1,69,5,19,21,3,6,2,379
884,2024-10-28,3038,39,1546.6,73,9,30,36,3,8,8,687
561,2024-09-26,9434,22,523.7,50,5,17,19,3,8,8,930
194,2024-08-20,3038,22,523.7,38,5,17,19,3,8,8,387
531,2024-09-23,9434,18,283.1,25,0,18,15,3,8,1,338
401,2024-09-10,9434,21,463.6,31,6,15,18,3,23,5,250
904,2024-10-30,3038,22,523.7,84,0,22,19,3,38,5,877
915,2024-10-31,8601,27,824.6,53,0,27,24,3,47,6,102
17,2024-08-02,5690,30,1005.1,56,0,30,27,3,24,6,741
861,2024-10-26,9434,25,704.3,99,0,25,22,3,30,6,529
635,2024-10-03,8601,27,824.6,89,1,26,24,3,42,7,629
765,2024-10-16,8601,23,583.9,98,4,19,20,3,27,7,775
805,2024-10-20,8601,21,463.6,37,10,11,18,3,7,7,768
845,2024-10-24,8601,41,1667.0,67,7,34,38,3,40,4,975
694,2024-10-09,3038,22,523.7,32,1,21,19,3,9,4,134
847,2024-10-24,5690,21,463.6,37,5,16,18,3,9,9,275
244,2024-08-25,3038,27,824.6,84,9,18,24,3,41,3,258
774,2024-10-17,3038,27,824.6,85,9,18,24,3,29,3,163
145,2024-08-15,8601,23,583.9,32,0,23,20,3,32,2,622
65,2024-08-07,8601,28,884.8,63,7,21,25,3,9,9,828
827,2024-10-22,5690,25,704.3,78,9,16,22,3,23,8,313
147,2024-08-15,5690,25,704.3,40,10,15,22,3,39,2,643
867,2024-10-26,5690,11,541.5,28,10,1,18,3,10,2,908
151,2024-08-16,9434,28,884.8,24,3,25,25,3,30,1,920
851,2024-10-25,9434,8,361.0,81,7,1,17,1,9,8,860
700,2024-10-10,7577,6,361.0,91,5,1,15,1,4,3,316
153,2024-08-16,6638,7,300.9,44,6,1,16,1,17,2,874
900,2024-10-30,7577,7,300.9,89,6,1,16,1,21,3,279
549,2024-09-24,1748,7,300.9,33,6,1,16,1,8,8,302
211,2024-08-22,9434,7,421.2,83,6,1,16,1,9,7,330
906,2024-10-30,7131,7,421.2,52,6,1,16,1,3,1,456
357,2024-09-05,5690,9,541.5,44,8,1,18,1,7,4,688
42,2024-08-05,2365,9,541.5,40,8,1,18,1,2,2,736
890,2024-10-29,7577,9,421.2,71,8,1,18,1,26,1,175
695,2024-10-09,8601,10,481.4,26,9,1,19,1,23,8,122
675,2024-10-07,8601,10,481.4,46,9,1,19,1,2,8,131
399,2024-09-09,1748,10,601.7,72,9,1,19,1,33,1,973
75,2024-08-08,8601,10,601.7,100,9,1,19,1,49,4,341
66,2024-08-07,7131,10,601.7,37,9,1,19,1,3,8,547
379,2024-09-07,1748,10,601.7,74,9,1,19,1,1,3,449
681,2024-10-08,9434,6,361.0,79,6,0,15,1,34,4,231
7,2024-08-01,5690,6,361.0,60,6,0,15,1,9,3,688
438,2024-09-13,7397,6,361.0,43,6,0,15,1,3,1,539
655,2024-10-05,8601,8,481.4,54,8,0,17,1,8,3,140
537,2024-09-23,5690,5,300.9,27,5,0,14,1,8,5,819
581,2024-09-28,9434,5,300.9,95,5,0,14,1,39,5,748
378,2024-09-07,7397,5,300.9,84,5,0,14,1,7,6,882
510,2024-09-21,7577,7,421.2,22,7,0,16,1,41,6,879
306,2024-08-31,7131,7,421.2,33,7,0,16,1,15,7,239
500,2024-09-20,7577,7,421.2,88,7,0,16,1,6,1,559
208,2024-08-21,7397,9,541.5,24,9,0,18,1,5,2,294
918,2024-10-31,7397,9,541.5,94,9,0,18,1,9,9,859
475,2024-09-17,8601,10,601.7,69,10,0,19,1,19,7,870
656,2024-10-05,7131,6,361.0,31,4,2,15,1,32,5,834
772,2024-10-17,2365,8,481.4,38,6,2,17,1,49,6,929
295,2024-08-30,8601,8,481.4,95,6,2,17,1,4,2,949
552,2024-09-25,2365,8,481.4,55,6,2,17,1,1,9,455
563,2024-09-26,6638,5,300.9,40,3,2,14,1,4,5,905
497,2024-09-19,5690,7,421.2,100,5,2,16,1,22,1,525
639,2024-10-03,1748,9,541.5,20,7,2,18,1,31,1,113
473,2024-09-17,6638,9,300.9,53,7,2,18,1,34,6,750
368,2024-09-06,7397,10,361.0,82,8,2,19,1,50,6,192
775,2024-10-17,8601,10,361.0,64,8,2,19,1,7,8,191
662,2024-10-06,2365,10,601.7,73,8,2,19,1,19,1,793
320,2024-09-02,7577,10,601.7,62,8,2,19,1,3,8,841
168,2024-08-17,7397,10,601.7,22,8,2,19,1,6,4,269
127,2024-08-13,5690,18,283.1,97,10,8,17,1,6,4,483
266,2024-08-27,7131,8,481.4,49,0,8,17,1,36,9,795
447,2024-09-14,5690,8,481.4,51,0,8,17,1,40,4,136
19,2024-08-02,1748,9,541.5,67,1,8,18,1,10,9,242
113,2024-08-12,6638,9,541.5,50,1,8,18,1,24,9,626
76,2024-08-08,7131,9,541.5,71,1,8,18,1,7,3,135
558,2024-09-25,7397,9,541.5,96,1,8,18,1,1,4,351
165,2024-08-17,8601,10,601.7,54,2,8,19,1,36,1,628
843,2024-10-24,6638,10,601.7,90,2,8,19,1,10,1,659
364,2024-09-06,3038,10,601.7,31,2,8,19,1,2,8,561
291,2024-08-30,9434,7,421.2,45,0,7,16,1,47,8,321
6,2024-08-01,7131,7,421.2,90,0,7,16,1,4,1,709
416,2024-09-11,7131,9,541.5,22,2,7,18,1,10,1,713
806,2024-10-20,7131,9,541.5,45,2,7,18,1,4,3,887
702,2024-10-10,2365,10,601.7,85,3,7,19,1,30,2,886
374,2024-09-07,3038,10,601.7,28,3,7,19,1,21,2,314
657,2024-10-05,5690,10,601.7,60,3,7,19,1,22,5,791
822,2024-10-22,2365,10,601.7,71,3,7,19,1,7,3,451
594,2024-09-29,3038,10,601.7,47,3,7,19,1,9,8,555
249,2024-08-25,1748,10,601.7,85,3,7,19,1,1,3,268
620,2024-10-02,7577,6,361.0,38,1,5,15,1,34,3,979
229,2024-08-23,1748,6,361.0,96,1,5,15,1,6,4,837
492,2024-09-19,2365,8,481.4,83,3,5,17,1,6,4,860
450,2024-09-15,7577,5,300.9,20,0,5,14,1,5,7,541
254,2024-08-26,3038,5,300.9,75,0,5,14,1,3,7,945
511,2024-09-21,9434,7,421.2,56,2,5,16,1,30,2,807
842,2024-10-24,2365,7,421.2,45,2,5,16,1,4,5,738
412,2024-09-11,2365,9,541.5,38,4,5,18,1,28,4,207
122,2024-08-13,2365,10,601.7,75,5,5,19,1,1,2,443
230,2024-08-24,7577,6,361.0,33,2,4,15,1,4,2,664
640,2024-10-04,7577,43,1787.3,57,6,37,42,1,19,2,240
219,2024-08-22,1748,30,1005.1,91,0,30,29,1,28,2,565
68,2024-08-07,7397,16,162.7,52,0,16,15,1,22,2,863
905,2024-10-30,8601,7,421.2,36,1,6,16,1,22,2,806
197,2024-08-20,5690,7,421.2,68,4,3,16,1,8,2,550
129,2024-08-13,1748,7,421.2,36,4,3,16,1,7,2,225
367,2024-09-06,5690,10,601.7,56,0,10,19,1,15,2,259
596,2024-09-29,7131,6,361.0,35,3,3,15,1,47,3,196
408,2024-09-10,7397,6,361.0,34,2,4,15,1,8,4,638
73,2024-08-08,6638,6,361.0,99,0,6,15,1,7,1,503
520,2024-09-22,7577,21,463.6,20,1,20,20,1,34,3,813
632,2024-10-03,2365,42,1727.1,39,1,41,41,1,33,4,163
899,2024-10-29,1748,23,583.9,31,10,13,22,1,37,8,660
350,2024-09-05,7577,37,1426.3,86,10,27,36,1,8,4,606
748,2024-10-14,7397,36,1366.1,21,6,30,35,1,18,9,504
237,2024-08-24,5690,32,1125.4,41,3,29,31,1,17,9,104
214,2024-08-22,3038,18,283.1,71,9,9,17,1,48,1,765
443,2024-09-14,6638,17,222.9,55,8,9,16,1,8,1,827
595,2024-09-29,8601,20,403.4,30,8,12,19,1,28,5,696
647,2024-10-04,5690,34,1245.8,41,8,26,33,1,29,5,820
336,2024-09-03,7131,38,1486.5,29,7,31,37,1,30,6,400
192,2024-08-20,2365,35,1305.9,65,2,33,34,1,30,3,377
611,2024-10-01,9434,21,463.6,49,4,17,20,1,6,4,288
88,2024-08-09,7397,41,1667.0,76,7,34,40,1,6,6,965
802,2024-10-20,2365,8,481.4,77,2,6,17,1,27,5,994
471,2024-09-17,9434,8,481.4,46,2,6,17,1,6,5,269
270,2024-08-28,7577,5,300.9,81,2,3,14,1,9,5,707
191,2024-08-20,9434,5,300.9,35,1,4,14,1,9,3,987
86,2024-08-09,7131,5,300.9,82,2,3,14,1,2,9,612
427,2024-09-12,5690,5,300.9,57,1,4,14,1,4,9,318
22,2024-08-03,2365,5,300.9,41,1,4,14,1,1,7,274
916,2024-10-31,7131,7,421.2,79,4,3,16,1,34,1,737
27,2024-08-03,5690,7,421.2,54,3,4,16,1,7,1,574
752,2024-10-15,2365,7,421.2,90,3,4,16,1,2,6,608
95,2024-08-10,8601,9,541.5,42,0,9,18,1,32,9,675
264,2024-08-27,3038,9,541.5,95,3,6,18,1,6,9,968
487,2024-09-18,5690,9,541.5,74,3,6,18,1,28,6,619
659,2024-10-05,1748,9,541.5,65,0,9,18,1,4,8,638
672,2024-10-07,2365,9,541.5,52,6,3,18,1,4,8,453
668,2024-10-06,7397,10,601.7,58,1,9,19,1,17,8,538
555,2024-09-25,8601,10,601.7,52,7,3,19,1,21,7,243
534,2024-09-23,3038,10,601.7,94,7,3,19,1,16,4,295
599,2024-09-29,1748,10,601.7,79,4,6,19,1,7,5,124
564,2024-09-26,3038,10,601.7,86,6,4,19,1,2,3,784
598,2024-09-29,7397,10,601.7,66,4,6,19,1,6,1,887
580,2024-09-28,7577,14,42.4,85,8,6,12,2,5,4,372
125,2024-08-13,8601,14,42.4,45,5,9,12,2,1,7,742
815,2024-10-21,8601,14,42.4,83,5,9,12,2,45,7,255
800,2024-10-20,7577,14,361.0,24,10,4,12,2,7,7,805
467,2024-09-16,5690,14,42.4,50,0,14,12,2,8,6,980
548,2024-09-24,7397,14,42.4,46,6,8,12,2,8,6,380
83,2024-08-09,6638,14,42.4,48,7,7,12,2,2,5,997
402,2024-09-10,2365,14,42.4,100,7,7,12,2,6,3,168
164,2024-08-17,3038,14,42.4,34,5,9,12,2,16,3,309
242,2024-08-25,2365,14,42.4,65,4,10,12,2,3,1,743
468,2024-09-16,7397,14,42.4,80,9,5,12,2,2,9,950
895,2024-10-29,8601,14,42.4,64,5,9,12,2,31,2,117
459,2024-09-15,1748,14,42.4,56,4,10,12,2,42,2,689
808,2024-10-20,7397,16,162.7,62,0,16,14,2,1,5,639
1,2024-08-01,9434,18,283.1,70,2,16,16,2,1,9,630
49,2024-08-05,1748,18,283.1,95,2,16,16,2,1,8,273
880,2024-10-28,7577,25,704.3,88,1,24,23,2,36,4,842
325,2024-09-02,8601,26,764.4,72,6,20,24,2,7,4,327
111,2024-08-12,9434,16,162.7,93,4,12,14,2,7,4,971
272,2024-08-28,2365,29,944.9,62,10,19,27,2,4,4,686
863,2024-10-26,6638,18,283.1,78,10,8,16,2,4,4,136
171,2024-08-18,9434,16,162.7,89,1,15,14,2,48,8,216
913,2024-10-31,6638,37,1426.3,72,2,35,35,2,32,8,835
685,2024-10-08,8601,23,583.9,57,3,20,21,2,42,8,902
131,2024-08-14,9434,18,283.1,62,9,9,16,2,1,8,270
486,2024-09-18,7131,23,583.9,52,7,16,21,2,46,8,629
536,2024-09-23,7131,18,283.1,54,3,15,16,2,46,8,281
77,2024-08-08,5690,18,283.1,45,6,12,16,2,3,7,448
464,2024-09-16,3038,16,162.7,75,7,9,14,2,3,7,501
206,2024-08-21,7131,18,283.1,45,9,9,16,2,3,7,357
799,2024-10-19,1748,16,162.7,77,5,11,14,2,38,6,665
715,2024-10-11,8601,18,283.1,83,7,11,16,2,40,6,519
156,2024-08-16,7131,18,283.1,79,5,13,16,2,35,5,351
551,2024-09-25,9434,40,1606.8,97,0,40,38,2,31,5,991
233,2024-08-24,6638,16,162.7,41,7,9,14,2,45,5,233
713,2024-10-11,6638,18,283.1,86,0,18,16,2,20,5,133
247,2024-08-25,5690,6,361.0,87,6,0,14,2,22,5,770
309,2024-08-31,1748,16,162.7,92,10,6,14,2,4,5,346
103,2024-08-11,6638,16,162.7,51,2,14,14,2,5,3,348
269,2024-08-27,1748,16,162.7,43,4,12,14,2,4,3,831
866,2024-10-26,7131,16,162.7,36,4,12,14,2,3,3,504
636,2024-10-03,7131,33,1185.6,61,0,33,31,2,3,3,662
755,2024-10-15,8601,29,944.9,64,2,27,27,2,2,9,717
48,2024-08-05,7397,18,283.1,34,4,14,16,2,6,1,630
522,2024-09-22,2365,6,361.0,94,1,5,14,2,47,9,676
302,2024-08-31,2365,16,162.7,83,7,9,14,2,46,9,391
914,2024-10-31,3038,18,283.1,73,0,18,16,2,24,2,521
389,2024-09-08,1748,16,162.7,88,1,15,14,2,8,9,211
807,2024-10-20,5690,26,764.4,68,10,16,24,2,29,2,234
707,2024-10-10,5690,16,162.7,98,9,7,14,2,13,2,111
479,2024-09-17,1748,19,343.2,100,1,18,17,2,10,4,664
26,2024-08-03,7131,19,343.2,60,6,13,17,2,4,4,575
499,2024-09-19,1748,19,343.2,65,0,19,17,2,9,4,645
869,2024-10-26,1748,19,343.2,62,6,13,17,2,25,8,185
296,2024-08-30,7131,19,343.2,77,3,16,17,2,33,8,724
637,2024-10-03,5690,19,343.2,55,3,16,17,2,5,8,809
708,2024-10-10,7397,19,343.2,39,5,14,17,2,3,8,511
793,2024-10-19,6638,19,343.2,64,8,11,17,2,9,6,183
198,2024-08-20,7397,19,343.2,75,8,11,17,2,6,6,286
327,2024-09-02,5690,19,343.2,82,7,12,17,2,31,6,897
567,2024-09-26,5690,19,343.2,47,9,10,17,2,3,3,173
109,2024-08-11,1748,19,343.2,22,3,16,17,2,4,2,243
688,2024-10-08,7397,19,343.2,77,9,10,17,2,9,1,536
494,2024-09-19,3038,19,343.2,87,4,15,17,2,7,2,193
3,2024-08-01,6638,20,403.4,66,7,13,18,2,5,7,445
377,2024-09-07,5690,20,403.4,51,0,20,18,2,12,7,136
666,2024-10-06,7131,20,403.4,77,1,19,18,2,17,6,209
601,2024-09-30,9434,20,403.4,88,10,10,18,2,14,6,687
795,2024-10-19,8601,20,403.4,58,7,13,18,2,33,6,221
226,2024-08-23,7131,20,403.4,54,10,10,18,2,34,5,541
545,2024-09-24,8601,20,403.4,41,7,13,18,2,41,5,192
608,2024-09-30,7397,20,403.4,63,6,14,18,2,9,5,838
550,2024-09-25,7577,20,403.4,20,2,18,18,2,2,3,216
322,2024-09-02,2365,20,403.4,65,5,15,18,2,3,9,672
569,2024-09-26,1748,20,403.4,98,3,17,18,2,2,9,178
652,2024-10-05,2365,20,403.4,89,7,13,18,2,8,1,774
763,2024-10-16,6638,20,403.4,96,7,13,18,2,7,9,385
671,2024-10-07,9434,20,403.4,85,0,20,18,2,32,1,961
429,2024-09-12,1748,20,403.4,27,9,11,18,2,7,9,975
316,2024-09-01,7131,15,300.9,95,10,5,13,2,28,4,895
543,2024-09-24,6638,15,300.9,35,10,5,13,2,39,1,851
159,2024-08-16,1748,15,102.5,95,2,13,13,2,24,4,762
663,2024-10-06,6638,15,102.5,22,6,9,13,2,20,4,778
104,2024-08-11,3038,15,102.5,49,1,14,13,2,7,4,858
11,2024-08-02,9434,15,102.5,44,9,6,13,2,9,8,571
485,2024-09-18,8601,15,102.5,28,3,12,13,2,7,8,153
628,2024-10-02,7397,15,102.5,62,1,14,13,2,38,7,883
692,2024-10-09,2365,15,102.5,27,7,8,13,2,26,7,997
584,2024-09-28,3038,15,102.5,52,10,5,13,2,28,6,745
158,2024-08-16,7397,15,102.5,37,2,13,13,2,7,6,656
759,2024-10-15,1748,15,102.5,82,3,12,13,2,39,6,910
339,2024-09-03,1748,15,102.5,54,9,6,13,2,9,6,477
888,2024-10-28,7397,15,102.5,51,5,10,13,2,46,5,166
51,2024-08-06,9434,15,102.5,91,3,12,13,2,6,5,930
898,2024-10-29,7397,15,102.5,21,8,7,13,2,6,9,571
252,2024-08-26,2365,15,102.5,45,4,11,13,2,8,1,194
354,2024-09-05,3038,15,102.5,41,4,11,13,2,9,1,212
57,2024-08-06,5690,17,222.9,51,9,8,15,2,5,4,141
121,2024-08-13,9434,17,222.9,51,2,15,15,2,5,4,526
313,2024-09-01,6638,17,222.9,22,3,14,15,2,6,4,241
87,2024-08-09,5690,17,222.9,49,4,13,15,2,26,8,524
630,2024-10-03,7577,17,222.9,93,5,12,15,2,17,8,863
862,2024-10-26,2365,17,222.9,87,9,8,15,2,9,8,789
204,2024-08-21,3038,17,222.9,58,10,7,15,2,2,8,408
106,2024-08-11,7131,17,222.9,95,1,16,15,2,38,7,324
363,2024-09-06,6638,17,222.9,58,0,17,15,2,24,7,521
362,2024-09-06,2365,17,222.9,86,0,17,15,2,6,6,240
340,2024-09-04,7577,17,222.9,31,4,13,15,2,34,5,812
786,2024-10-18,7131,17,222.9,77,6,11,15,2,41,5,400
79,2024-08-08,1748,17,222.9,63,7,10,15,2,2,5,873
246,2024-08-25,7131,17,222.9,93,0,17,15,2,3,3,358
315,2024-09-01,8601,17,222.9,87,3,14,15,2,5,9,631
301,2024-08-31,9434,17,222.9,98,6,11,15,2,5,9,211
404,2024-09-10,3038,17,222.9,21,10,7,15,2,7,9,744
456,2024-09-15,7131,17,222.9,88,0,17,15,2,42,9,948
488,2024-09-18,7397,11,300.9,79,8,3,19,2,26,8,941
885,2024-10-28,8601,11,421.2,40,9,2,19,2,5,3,463
212,2024-08-22,2365,11,421.2,69,9,2,19,2,5,9,871
372,2024-09-07,2365,11,541.5,100,10,1,19,2,33,9,899
689,2024-10-08,1748,11,661.9,88,5,6,19,2,1,7,856
829,2024-10-22,1748,11,661.9,52,8,3,19,2,1,7,975
686,2024-10-08,7131,11,661.9,30,4,7,19,2,9,4,780
757,2024-10-15,5690,11,661.9,54,3,8,19,2,3,8,487
610,2024-10-01,7577,11,661.9,69,7,4,19,2,4,7,400
578,2024-09-27,7397,11,661.9,37,6,5,19,2,3,6,875
605,2024-09-30,8601,11,661.9,75,3,8,19,2,3,6,181
250,2024-08-26,7577,11,661.9,48,6,5,19,2,9,5,245
217,2024-08-22,5690,11,661.9,36,2,9,19,2,9,5,586
714,2024-10-11,3038,11,661.9,49,8,3,19,2,23,3,722
33,2024-08-04,6638,11,661.9,100,3,8,19,2,2,3,484
699,2024-10-09,1748,11,661.9,53,4,7,19,2,4,2,600
844,2024-10-24,3038,11,661.9,58,0,11,19,2,4,1,512
422,2024-09-12,2365,11,661.9,100,5,6,19,2,18,9,267
513,2024-09-21,6638,11,661.9,56,6,5,19,2,12,9,484
781,2024-10-18,9434,11,661.9,37,10,1,19,2,8,1,569
886,2024-10-28,7131,11,661.9,38,7,4,19,2,7,1,862
879,2024-10-27,1748,13,782.2,98,8,5,11,2,30,4,147
119,2024-08-12,1748,13,782.2,57,9,4,11,2,1,7,525
907,2024-10-30,5690,13,782.2,20,2,11,11,2,7,6,181
201,2024-08-21,9434,13,782.2,54,2,11,11,2,40,6,668
29,2024-08-03,1748,13,782.2,53,3,10,11,2,12,6,591
734,2024-10-13,3038,13,782.2,28,0,13,11,2,35,6,571
437,2024-09-13,5690,13,782.2,94,3,10,11,2,19,6,552
606,2024-09-30,7131,13,782.2,51,9,4,11,2,36,5,642
837,2024-10-23,5690,13,782.2,93,5,8,11,2,7,5,935
737,2024-10-13,5690,13,782.2,65,8,5,11,2,26,3,171
298,2024-08-30,7397,13,782.2,56,7,6,11,2,49,3,444
262,2024-08-27,2365,13,782.2,39,3,10,11,2,9,1,736
718,2024-10-11,7397,13,782.2,84,9,4,11,2,6,9,701
785,2024-10-18,8601,13,782.2,88,10,3,11,2,24,9,167
449,2024-09-14,1748,13,782.2,34,4,9,11,2,29,2,225
241,2024-08-25,9434,13,782.2,94,7,6,11,2,7,9,424
525,2024-09-22,8601,13,421.2,34,10,3,11,2,46,8,588
542,2024-09-24,2365,13,300.9,57,9,4,11,2,4,6,466
228,2024-08-23,7397,13,421.2,28,10,3,11,2,7,5,540
697,2024-10-09,5690,13,300.9,37,9,4,11,2,45,3,776
788,2024-10-18,7397,13,421.2,22,10,3,11,2,31,2,855
28,2024-08-03,7397,13,421.2,80,10,3,11,2,35,1,601
50,2024-08-06,7577,12,481.4,66,10,2,10,2,38,7,547
170,2024-08-18,7577,12,361.0,45,9,3,10,2,46,6,801
118,2024-08-12,7397,12,722.0,55,0,12,10,2,1,1,653
413,2024-09-11,6638,12,722.0,23,1,11,10,2,8,4,642
764,2024-10-16,3038,12,722.0,47,3,9,10,2,14,4,113
222,2024-08-23,2365,12,722.0,25,4,8,10,2,8,4,141
613,2024-10-01,6638,12,722.0,50,2,10,10,2,5,8,372
385,2024-09-08,8601,12,722.0,60,4,8,10,2,45,8,838
893,2024-10-29,6638,12,722.0,58,5,7,10,2,4,8,405
783,2024-10-18,6638,12,722.0,45,8,4,10,2,6,8,968
318,2024-09-01,7397,12,722.0,50,2,10,10,2,6,8,791
341,2024-09-04,9434,12,722.0,91,6,6,10,2,4,7,618
91,2024-08-10,9434,12,722.0,60,6,6,10,2,4,6,319
96,2024-08-10,7131,12,722.0,97,6,6,10,2,29,3,618
150,2024-08-16,7577,12,722.0,32,3,9,10,2,4,2,853
193,2024-08-20,6638,12,722.0,88,1,11,10,2,4,9,996
445,2024-09-14,8601,12,722.0,100,10,2,10,2,38,2,336
107,2024-08-11,5690,12,722.0,81,6,6,10,2,43,2,492
97,2024-08-10,5690,12,722.0,64,8,4,10,2,34,9,722
231,2024-08-24,9434,12,722.0,89,5,7,10,2,50,2,403
381,2024-09-08,9434,12,722.0,95,9,3,10,2,7,9,692
627,2024-10-02,5690,12,722.0,71,0,12,10,2,38,1,660
687,2024-10-08,5690,12,722.0,41,5,7,10,2,8,1,225
347,2024-09-04,5690,12,722.0,79,7,5,10,2,7,9,868
