id,charger_id,date,downtime_s,faulted_messages,maintenance,short_sessions,support_tickets,field_service_no,service_calls_no,total_sessions,mean_time_between_failures
1,7577,2024-08-01,0,0,0,0,0,0,0,15,0
2,7577,2024-08-02,297,0,0,1,18,7,43,24,220
3,7577,2024-08-03,0,0,0,0,0,0,0,16,0
4,7577,2024-08-04,0,0,0,0,0,0,0,38,0
5,7577,2024-08-05,606,0,0,0,141,30,33,50,65
6,7577,2024-08-06,0,0,0,0,0,0,0,44,0
7,7577,2024-08-07,606,0,0,0,146,28,33,41,181
8,7577,2024-08-08,0,0,0,0,0,0,0,27,0
9,7577,2024-08-09,0,0,0,0,0,0,0,50,0
10,7577,2024-08-10,402,0,0,0,90,23,33,16,111
11,7577,2024-08-11,287,0,0,0,176,44,31,16,222
12,7577,2024-08-12,866,0,0,0,173,49,30,19,96
13,7577,2024-08-13,0,0,0,0,0,0,0,29,0
14,7577,2024-08-14,0,0,0,0,0,0,0,22,0
15,7577,2024-08-15,0,0,0,0,0,0,0,21,0
16,7577,2024-08-16,0,0,0,0,0,0,0,39,0
17,7577,2024-08-17,992,0,0,0,197,46,20,31,137
18,7577,2024-08-18,495,0,0,0,198,47,7,38,262
19,7577,2024-08-19,0,0,0,0,0,0,0,22,0
20,7577,2024-08-20,0,0,1,0,0,0,0,39,0
21,7577,2024-08-21,714,0,0,0,24,18,21,45,284
22,7577,2024-08-22,0,57,0,0,60,22,43,34,298
23,7577,2024-08-23,634,0,0,0,176,41,4,18,23
24,7577,2024-08-24,1000,0,0,0,68,22,0,45,181
25,7577,2024-08-25,0,0,0,0,0,0,0,20,0
26,7577,2024-08-26,0,0,1,0,0,0,0,22,0
27,7577,2024-08-27,0,0,0,0,0,0,0,49,0
28,7577,2024-08-28,0,0,0,0,0,0,0,31,0
29,7577,2024-08-29,0,0,0,0,0,0,0,45,0
30,7577,2024-08-30,0,0,0,0,0,0,0,22,0
31,7577,2024-08-31,0,0,0,0,0,0,0,37,0
32,7577,2024-09-01,0,0,1,0,0,0,0,41,0
33,7577,2024-09-02,0,0,0,0,0,0,0,47,0
34,7577,2024-09-03,0,0,1,0,0,0,0,36,0
35,7577,2024-09-04,0,88,0,0,158,38,6,20,178
36,7577,2024-09-05,833,0,0,0,115,36,27,30,204
37,7577,2024-09-06,0,0,0,0,0,0,0,23,0
38,7577,2024-09-07,0,0,0,0,0,0,0,24,0
39,7577,2024-09-08,0,0,0,0,0,0,0,38,0
40,7577,2024-09-09,0,0,1,0,0,0,0,28,0
41,7577,2024-09-10,672,0,0,47,177,44,48,24,100
42,7577,2024-09-11,0,88,0,0,195,50,8,48,208
43,7577,2024-09-12,991,0,1,0,37,10,6,41,174
44,7577,2024-09-13,0,0,0,0,0,0,0,30,0
45,7577,2024-09-14,0,0,0,0,0,0,0,34,0
46,7577,2024-09-15,0,0,0,0,0,0,0,40,0
47,7577,2024-09-16,309,0,1,0,39,12,23,36,195
48,7577,2024-09-17,0,0,0,0,0,0,0,36,0
49,7577,2024-09-18,0,0,0,0,0,0,0,18,0
50,7577,2024-09-19,604,51,1,0,71,27,35,17,220
51,7577,2024-09-20,0,0,1,0,0,0,0,22,0
52,7577,2024-09-21,0,0,0,0,0,0,0,49,0
53,7577,2024-09-22,0,0,0,17,143,34,16,39,118
54,7577,2024-09-23,0,0,0,0,0,0,0,37,0
55,7577,2024-09-24,668,0,0,0,170,41,20,27,296
56,7577,2024-09-25,676,88,0,0,19,16,37,25,291
57,7577,2024-09-26,590,0,0,0,120,28,29,43,260
58,7577,2024-09-27,0,0,0,0,0,0,0,15,0
59,7577,2024-09-28,0,0,1,0,0,0,0,18,0
60,7577,2024-09-29,0,98,0,0,17,24,43,21,232
61,7577,2024-09-30,0,0,0,0,0,0,0,40,0
62,7577,2024-10-01,905,0,0,0,150,35,37,37,290
63,7577,2024-10-02,0,0,0,0,0,0,0,30,0
64,7577,2024-10-03,0,0,0,0,0,0,0,27,0
65,7577,2024-10-04,919,99,0,0,113,33,36,25,269
66,7577,2024-10-05,0,0,0,0,0,0,0,49,0
67,7577,2024-10-06,0,0,0,0,0,0,0,18,0
68,7577,2024-10-07,0,0,0,0,0,0,0,32,0
69,7577,2024-10-08,603,0,0,0,46,1,8,18,117
70,7577,2024-10-09,0,0,1,0,0,0,0,29,0
71,7577,2024-10-10,816,0,0,0,147,30,33,19,155
72,7577,2024-10-11,440,0,0,0,184,48,23,15,294
73,7577,2024-10-12,0,0,1,0,0,0,0,17,0
74,7577,2024-10-13,0,0,1,0,0,0,0,41,0
75,7577,2024-10-14,542,0,0,0,47,15,25,32,251
76,7577,2024-10-15,895,0,0,0,134,33,4,44,75
77,7577,2024-10-16,0,0,0,0,0,0,0,40,0
78,7577,2024-10-17,0,0,1,0,0,0,0,38,0
79,7577,2024-10-18,0,0,1,0,0,0,0,21,0
80,7577,2024-10-19,0,0,1,0,0,0,0,39,0
81,7577,2024-10-20,0,0,1,0,0,0,0,49,0
82,7577,2024-10-21,0,0,0,46,191,48,11,27,163
83,7577,2024-10-22,0,0,0,0,0,0,0,41,0
84,7577,2024-10-23,0,0,0,0,0,0,0,19,0
85,7577,2024-10-24,962,0,0,0,144,31,46,23,37
86,7577,2024-10-25,0,0,0,0,0,0,0,24,0
87,7577,2024-10-26,0,0,0,0,0,0,0,48,0
88,7577,2024-10-27,969,0,1,0,87,25,21,50,32
89,7577,2024-10-28,734,0,0,0,137,33,36,23,255
90,7577,2024-10-29,393,0,0,0,178,46,27,47,174
91,7577,2024-10-30,0,0,0,0,0,0,0,28,0
92,7577,2024-10-31,0,0,0,0,0,0,0,32,0
93,9434,2024-08-01,0,0,0,0,0,0,0,45,0
94,9434,2024-08-02,0,0,1,0,0,0,0,37,0
95,9434,2024-08-03,0,0,0,0,0,0,0,39,0
96,9434,2024-08-04,0,0,0,0,0,0,0,46,0
97,9434,2024-08-05,433,0,0,0,4,10,44,15,16
98,9434,2024-08-06,0,0,1,0,0,0,0,25,0
99,9434,2024-08-07,711,0,0,0,14,4,49,25,18
100,9434,2024-08-08,0,0,0,0,0,0,0,30,0
101,9434,2024-08-09,0,0,0,0,0,0,0,31,0
102,9434,2024-08-10,0,0,0,0,0,0,0,44,0
103,9434,2024-08-11,879,0,1,46,177,48,11,35,31
104,9434,2024-08-12,618,0,1,0,14,14,25,50,140
105,9434,2024-08-13,0,0,0,0,0,0,0,21,0
106,9434,2024-08-14,0,0,0,0,0,0,0,36,0
107,9434,2024-08-15,0,0,1,0,0,0,0,42,0
108,9434,2024-08-16,0,0,0,0,0,0,0,41,0
109,9434,2024-08-17,0,52,1,0,93,31,27,23,253
110,9434,2024-08-18,330,0,1,0,10,0,31,42,239
111,9434,2024-08-19,715,0,0,0,21,2,39,37,59
112,9434,2024-08-20,0,0,0,0,0,0,0,22,0
113,9434,2024-08-21,0,0,0,8,19,1,29,47,288
114,9434,2024-08-22,294,0,1,15,41,15,19,36,237
115,9434,2024-08-23,0,0,0,0,0,0,0,47,0
116,9434,2024-08-24,0,0,1,0,0,0,0,29,0
117,9434,2024-08-25,470,0,0,0,5,7,31,47,126
118,9434,2024-08-26,669,0,0,0,145,32,15,45,72
119,9434,2024-08-27,0,0,0,0,0,0,0,28,0
120,9434,2024-08-28,284,0,0,0,39,22,32,48,95
121,9434,2024-08-29,376,0,0,0,6,21,6,17,43
122,9434,2024-08-30,0,0,0,0,0,0,0,33,0
123,9434,2024-08-31,0,0,1,0,0,0,0,19,0
124,9434,2024-09-01,0,0,0,0,0,0,0,32,0
125,9434,2024-09-02,301,0,0,0,122,32,47,33,15
126,9434,2024-09-03,0,0,0,0,0,0,0,24,0
127,9434,2024-09-04,0,0,0,0,0,0,0,34,0
128,9434,2024-09-05,389,0,0,0,150,27,16,17,181
129,9434,2024-09-06,299,0,0,0,68,23,20,42,272
130,9434,2024-09-07,0,0,0,0,0,0,0,19,0
131,9434,2024-09-08,0,0,0,0,0,0,0,31,0
132,9434,2024-09-09,0,0,1,0,0,0,0,48,0
133,9434,2024-09-10,0,0,0,0,0,0,0,46,0
134,9434,2024-09-11,484,0,0,0,65,25,42,36,275
135,9434,2024-09-12,608,0,1,0,192,46,30,47,60
136,9434,2024-09-13,432,0,0,0,1,4,36,40,103
137,9434,2024-09-14,0,0,0,0,0,0,0,40,0
138,9434,2024-09-15,743,0,0,0,35,0,0,45,173
139,9434,2024-09-16,0,51,1,0,80,25,21,44,86
140,9434,2024-09-17,486,0,0,29,11,5,35,31,38
141,9434,2024-09-18,0,0,0,0,0,0,0,33,0
142,9434,2024-09-19,0,0,0,0,0,0,0,16,0
143,9434,2024-09-20,0,0,0,0,0,0,0,17,0
144,9434,2024-09-21,0,0,0,0,0,0,0,21,0
145,9434,2024-09-22,0,0,0,0,0,0,0,41,0
146,9434,2024-09-23,0,0,1,0,0,0,0,21,0
147,9434,2024-09-24,0,0,0,0,0,0,0,26,0
148,9434,2024-09-25,830,0,0,0,48,9,26,33,39
149,9434,2024-09-26,0,65,0,0,168,34,25,50,193
150,9434,2024-09-27,0,0,0,0,0,0,0,48,0
151,9434,2024-09-28,0,0,0,0,0,0,0,26,0
152,9434,2024-09-29,0,0,1,0,0,0,0,25,0
153,9434,2024-09-30,696,50,1,0,144,37,24,50,33
154,9434,2024-10-01,0,0,0,0,0,0,0,24,0
155,9434,2024-10-02,0,0,0,0,0,0,0,27,0
156,9434,2024-10-03,0,0,0,0,0,0,0,42,0
157,9434,2024-10-04,701,0,0,0,140,35,24,21,25
158,9434,2024-10-05,429,0,0,8,85,27,7,44,223
159,9434,2024-10-06,356,0,0,0,181,43,25,21,204
160,9434,2024-10-07,845,0,1,0,116,30,39,18,123
161,9434,2024-10-08,677,0,0,0,103,32,22,30,122
162,9434,2024-10-09,0,0,0,0,0,0,0,28,0
163,9434,2024-10-10,0,0,0,0,0,0,0,37,0
164,9434,2024-10-11,978,74,0,0,37,7,33,37,249
165,9434,2024-10-12,0,0,1,0,0,0,0,23,0
166,9434,2024-10-13,0,0,0,0,0,0,0,22,0
167,9434,2024-10-14,699,0,0,0,193,49,31,40,36
168,9434,2024-10-15,0,0,1,0,0,0,0,27,0
169,9434,2024-10-16,710,0,0,0,6,13,1,42,119
170,9434,2024-10-17,0,0,0,42,111,35,17,41,41
171,9434,2024-10-18,0,0,0,0,0,0,0,50,0
172,9434,2024-10-19,976,0,0,0,158,35,22,34,167
173,9434,2024-10-20,0,0,0,0,0,0,0,19,0
174,9434,2024-10-21,266,0,0,0,11,1,9,43,225
175,9434,2024-10-22,429,0,0,0,159,38,40,50,100
176,9434,2024-10-23,604,0,0,0,190,43,10,29,247
177,9434,2024-10-24,0,0,0,0,0,0,0,28,0
178,9434,2024-10-25,0,0,0,0,0,0,0,36,0
179,9434,2024-10-26,0,0,0,0,0,0,0,38,0
180,9434,2024-10-27,0,0,0,0,0,0,0,16,0
181,9434,2024-10-28,717,0,0,0,12,2,40,30,131
182,9434,2024-10-29,896,0,0,0,9,21,9,34,289
183,9434,2024-10-30,0,0,1,0,0,0,0,25,0
184,9434,2024-10-31,239,0,1,0,124,31,19,25,178
185,2365,2024-08-01,0,0,1,0,0,0,0,32,0
186,2365,2024-08-02,0,0,0,0,0,0,0,18,0
187,2365,2024-08-03,0,0,0,0,0,0,0,30,0
188,2365,2024-08-04,789,0,0,0,194,48,13,46,121
189,2365,2024-08-05,0,0,1,0,0,0,0,30,0
190,2365,2024-08-06,0,0,0,0,0,0,0,48,0
191,2365,2024-08-07,754,0,1,0,28,16,50,17,173
192,2365,2024-08-08,0,0,1,0,0,0,0,42,0
193,2365,2024-08-09,850,0,0,0,182,49,23,22,252
194,2365,2024-08-10,291,0,1,0,43,23,8,18,266
195,2365,2024-08-11,0,0,0,0,0,0,0,33,0
196,2365,2024-08-12,401,0,1,0,159,37,48,34,58
197,2365,2024-08-13,0,0,0,0,0,0,0,41,0
198,2365,2024-08-14,589,0,0,0,80,27,1,25,74
199,2365,2024-08-15,0,42,0,0,23,10,35,34,27
200,2365,2024-08-16,0,0,1,0,0,0,0,33,0
201,2365,2024-08-17,727,0,1,0,158,34,31,34,265
202,2365,2024-08-18,0,0,1,0,0,0,0,49,0
203,2365,2024-08-19,950,0,0,0,142,31,4,48,41
204,2365,2024-08-20,0,0,0,44,64,20,45,25,235
205,2365,2024-08-21,0,0,0,0,0,0,0,30,0
206,2365,2024-08-22,0,83,0,0,155,30,45,34,32
207,2365,2024-08-23,0,0,0,0,0,0,0,19,0
208,2365,2024-08-24,737,0,0,0,122,36,13,36,96
209,2365,2024-08-25,0,0,0,0,0,0,0,28,0
210,2365,2024-08-26,0,0,0,0,0,0,0,39,0
211,2365,2024-08-27,258,0,1,0,79,27,17,23,75
212,2365,2024-08-28,0,0,0,0,0,0,0,35,0
213,2365,2024-08-29,913,0,0,0,106,32,0,28,255
214,2365,2024-08-30,0,62,0,0,79,25,37,31,280
215,2365,2024-08-31,0,0,0,0,0,0,0,41,0
216,2365,2024-09-01,0,0,0,0,0,0,0,31,0
217,2365,2024-09-02,0,0,1,0,0,0,0,43,0
218,2365,2024-09-03,0,0,0,0,0,0,0,34,0
219,2365,2024-09-04,0,0,0,0,0,0,0,21,0
220,2365,2024-09-05,448,0,0,0,171,41,1,32,33
221,2365,2024-09-06,0,0,0,0,0,0,0,22,0
222,2365,2024-09-07,706,0,1,0,21,19,25,20,228
223,2365,2024-09-08,0,0,0,0,0,0,0,29,0
224,2365,2024-09-09,525,0,0,0,67,20,45,41,229
225,2365,2024-09-10,647,0,0,0,136,37,34,48,284
226,2365,2024-09-11,0,0,0,0,0,0,0,37,0
227,2365,2024-09-12,0,0,0,0,0,0,0,30,0
228,2365,2024-09-13,376,0,0,0,37,24,6,27,216
229,2365,2024-09-14,0,0,0,0,0,0,0,44,0
230,2365,2024-09-15,0,0,1,34,137,38,26,21,144
231,2365,2024-09-16,0,0,0,0,0,0,0,46,0
232,2365,2024-09-17,0,0,0,0,0,0,0,25,0
233,2365,2024-09-18,939,0,0,30,169,34,42,38,197
234,2365,2024-09-19,0,0,0,0,0,0,0,23,0
235,2365,2024-09-20,0,0,1,0,0,0,0,35,0
236,2365,2024-09-21,0,0,1,0,0,0,0,25,0
237,2365,2024-09-22,0,0,0,0,0,0,0,22,0
238,2365,2024-09-23,0,0,0,0,0,0,0,38,0
239,2365,2024-09-24,617,0,0,0,31,20,49,40,23
240,2365,2024-09-25,0,0,0,0,0,0,0,45,0
241,2365,2024-09-26,0,0,0,0,0,0,0,22,0
242,2365,2024-09-27,0,0,0,0,0,0,0,26,0
243,2365,2024-09-28,0,0,0,0,0,0,0,27,0
244,2365,2024-09-29,527,0,0,0,97,24,21,42,137
245,2365,2024-09-30,0,0,0,0,0,0,0,44,0
246,2365,2024-10-01,794,0,0,0,34,6,4,36,230
247,2365,2024-10-02,0,0,0,0,0,0,0,29,0
248,2365,2024-10-03,0,0,1,0,0,0,0,32,0
249,2365,2024-10-04,887,0,0,0,83,24,35,21,171
250,2365,2024-10-05,359,0,0,0,38,2,14,15,27
251,2365,2024-10-06,859,0,0,0,109,32,24,24,125
252,2365,2024-10-07,464,0,0,0,99,30,10,23,209
253,2365,2024-10-08,567,0,0,0,81,25,31,46,183
254,2365,2024-10-09,0,0,1,0,0,0,0,20,0
255,2365,2024-10-10,0,72,0,0,100,22,25,44,122
256,2365,2024-10-11,0,0,0,0,0,0,0,45,0
257,2365,2024-10-12,475,0,0,0,8,14,27,48,203
258,2365,2024-10-13,0,0,1,0,0,0,0,17,0
259,2365,2024-10-14,680,0,0,0,119,31,27,25,162
260,2365,2024-10-15,0,0,0,0,0,0,0,36,0
261,2365,2024-10-16,0,0,0,0,0,0,0,31,0
262,2365,2024-10-17,0,0,1,0,0,0,0,28,0
263,2365,2024-10-18,0,0,1,0,0,0,0,39,0
264,2365,2024-10-19,0,0,0,0,0,0,0,31,0
265,2365,2024-10-20,485,0,1,0,86,24,6,39,297
266,2365,2024-10-21,917,0,0,0,118,31,31,46,54
267,2365,2024-10-22,0,0,1,0,0,0,0,48,0
268,2365,2024-10-23,0,0,0,0,0,0,0,43,0
269,2365,2024-10-24,0,0,0,0,0,0,0,37,0
270,2365,2024-10-25,0,0,0,0,0,0,0,34,0
271,2365,2024-10-26,0,0,0,0,0,0,0,46,0
272,2365,2024-10-27,654,90,0,13,4,10,22,45,274
273,2365,2024-10-28,285,0,0,0,61,23,36,39,300
274,2365,2024-10-29,0,0,0,0,0,0,0,17,0
275,2365,2024-10-30,0,0,0,0,0,0,0,43,0
276,2365,2024-10-31,0,0,1,0,0,0,0,20,0
277,6638,2024-08-01,436,89,0,0,192,45,14,44,157
278,6638,2024-08-02,658,0,1,0,193,50,13,46,197
279,6638,2024-08-03,0,0,0,0,0,0,0,24,0
280,6638,2024-08-04,0,0,0,0,0,0,0,16,0
281,6638,2024-08-05,0,0,0,0,0,0,0,30,0
282,6638,2024-08-06,0,0,0,0,0,0,0,36,0
283,6638,2024-08-07,514,0,0,0,176,44,20,27,119
284,6638,2024-08-08,919,0,0,0,100,25,16,42,149
285,6638,2024-08-09,0,0,0,0,0,0,0,44,0
286,6638,2024-08-10,761,0,1,0,66,20,22,33,292
287,6638,2024-08-11,427,63,0,0,23,23,22,46,167
288,6638,2024-08-12,0,0,0,0,0,0,0,38,0
289,6638,2024-08-13,796,82,0,0,195,45,15,24,156
290,6638,2024-08-14,0,0,0,0,0,0,0,15,0
291,6638,2024-08-15,0,0,1,0,0,0,0,33,0
292,6638,2024-08-16,304,0,0,0,59,21,12,19,292
293,6638,2024-08-17,0,0,0,0,0,0,0,20,0
294,6638,2024-08-18,0,0,1,0,0,0,0,23,0
295,6638,2024-08-19,283,0,0,0,97,32,35,20,159
296,6638,2024-08-20,601,0,0,0,73,21,22,16,71
297,6638,2024-08-21,272,0,0,0,127,31,0,36,99
298,6638,2024-08-22,729,0,0,0,37,0,45,33,121
299,6638,2024-08-23,0,0,0,0,0,0,0,45,0
300,6638,2024-08-24,0,0,0,0,0,0,0,24,0
301,6638,2024-08-25,879,0,0,0,73,24,20,21,49
302,6638,2024-08-26,0,0,1,0,0,0,0,31,0
303,6638,2024-08-27,858,0,0,0,20,5,45,46,276
304,6638,2024-08-28,0,0,0,0,0,0,0,42,0
305,6638,2024-08-29,650,0,0,0,65,24,42,20,224
306,6638,2024-08-30,798,0,0,16,119,33,29,17,171
307,6638,2024-08-31,893,0,1,0,99,28,27,23,214
308,6638,2024-09-01,0,0,0,0,0,0,0,17,0
309,6638,2024-09-02,382,0,1,0,181,42,17,17,137
310,6638,2024-09-03,402,0,1,0,65,22,17,40,18
311,6638,2024-09-04,0,0,0,0,0,0,0,32,0
312,6638,2024-09-05,893,0,0,0,158,42,42,35,87
313,6638,2024-09-06,0,0,0,0,0,0,0,42,0
314,6638,2024-09-07,0,0,0,0,0,0,0,39,0
315,6638,2024-09-08,0,0,0,0,0,0,0,29,0
316,6638,2024-09-09,0,0,1,0,0,0,0,40,0
317,6638,2024-09-10,0,0,0,0,0,0,0,33,0
318,6638,2024-09-11,0,0,0,0,0,0,0,40,0
319,6638,2024-09-12,0,0,0,0,0,0,0,34,0
320,6638,2024-09-13,782,0,0,0,195,50,44,29,138
321,6638,2024-09-14,687,0,0,0,48,5,44,22,39
322,6638,2024-09-15,0,0,0,9,181,43,23,24,124
323,6638,2024-09-16,0,0,0,0,0,0,0,23,0
324,6638,2024-09-17,504,0,0,0,81,26,19,43,207
325,6638,2024-09-18,0,0,0,0,0,0,0,22,0
326,6638,2024-09-19,651,0,0,0,166,36,18,42,103
327,6638,2024-09-20,0,0,0,9,15,24,25,23,230
328,6638,2024-09-21,0,81,0,11,33,3,15,30,135
329,6638,2024-09-22,789,0,0,0,80,23,17,46,260
330,6638,2024-09-23,0,0,1,0,0,0,0,31,0
331,6638,2024-09-24,868,0,1,0,44,4,47,38,117
332,6638,2024-09-25,754,0,0,0,8,0,26,47,39
333,6638,2024-09-26,0,0,0,0,0,0,0,24,0
334,6638,2024-09-27,517,0,0,0,152,34,48,20,108
335,6638,2024-09-28,540,0,0,0,72,27,18,37,298
336,6638,2024-09-29,0,0,0,0,0,0,0,45,0
337,6638,2024-09-30,466,0,0,0,84,26,8,50,150
338,6638,2024-10-01,0,0,0,0,0,0,0,31,0
339,6638,2024-10-02,456,68,0,0,136,37,31,27,71
340,6638,2024-10-03,828,0,0,8,83,30,16,47,104
341,6638,2024-10-04,0,0,1,0,0,0,0,27,0
342,6638,2024-10-05,0,0,0,0,0,0,0,45,0
343,6638,2024-10-06,0,0,0,0,0,0,0,33,0
344,6638,2024-10-07,841,0,0,0,89,30,0,41,228
345,6638,2024-10-08,790,0,0,0,194,49,19,19,221
346,6638,2024-10-09,727,0,0,0,33,7,23,38,123
347,6638,2024-10-10,0,0,0,0,0,0,0,17,0
348,6638,2024-10-11,416,0,0,10,93,23,50,49,284
349,6638,2024-10-12,0,0,0,0,0,0,0,23,0
350,6638,2024-10-13,593,0,0,0,17,2,30,17,130
351,6638,2024-10-14,0,0,0,0,0,0,0,38,0
352,6638,2024-10-15,821,0,0,0,75,24,46,20,166
353,6638,2024-10-16,496,0,0,0,70,23,38,39,18
354,6638,2024-10-17,576,0,0,0,102,26,7,47,32
355,6638,2024-10-18,264,0,0,0,186,48,23,34,114
356,6638,2024-10-19,0,0,0,0,0,0,0,41,0
357,6638,2024-10-20,0,0,0,0,0,0,0,15,0
358,6638,2024-10-21,293,0,0,0,135,34,7,26,192
359,6638,2024-10-22,0,0,0,0,0,0,0,20,0
360,6638,2024-10-23,522,0,0,0,78,26,34,19,162
361,6638,2024-10-24,0,0,1,0,0,0,0,21,0
362,6638,2024-10-25,0,0,1,0,0,0,0,29,0
363,6638,2024-10-26,371,0,1,0,131,29,44,21,30
364,6638,2024-10-27,694,0,0,0,178,50,25,25,154
365,6638,2024-10-28,0,0,0,0,0,0,0,41,0
366,6638,2024-10-29,0,0,0,0,0,0,0,36,0
367,6638,2024-10-30,699,0,0,0,177,41,34,44,164
368,6638,2024-10-31,0,0,0,0,0,0,0,17,0
369,3038,2024-08-01,566,0,0,0,27,19,20,46,269
370,3038,2024-08-02,369,0,0,0,80,25,16,30,245
371,3038,2024-08-03,0,0,0,31,82,26,44,19,79
372,3038,2024-08-04,0,0,1,0,0,0,0,34,0
373,3038,2024-08-05,0,0,1,0,0,0,0,50,0
374,3038,2024-08-06,0,0,1,0,0,0,0,34,0
375,3038,2024-08-07,600,0,0,0,178,40,1,27,178
376,3038,2024-08-08,956,0,0,0,26,0,14,43,196
377,3038,2024-08-09,0,0,0,0,0,0,0,40,0
378,3038,2024-08-10,0,0,0,0,0,0,0,37,0
379,3038,2024-08-11,296,0,0,0,116,31,35,37,218
380,3038,2024-08-12,568,0,0,0,118,33,7,23,81
381,3038,2024-08-13,0,0,0,0,0,0,0,16,0
382,3038,2024-08-14,578,0,0,0,97,25,9,36,43
383,3038,2024-08-15,932,0,1,0,73,21,38,42,39
384,3038,2024-08-16,660,0,1,0,129,33,33,23,113
385,3038,2024-08-17,585,0,0,0,140,32,33,26,168
386,3038,2024-08-18,0,0,1,0,0,0,0,40,0
387,3038,2024-08-19,584,0,0,0,162,39,1,44,36
388,3038,2024-08-20,0,0,0,0,0,0,0,37,0
389,3038,2024-08-21,650,0,0,0,19,6,20,39,218
390,3038,2024-08-22,0,0,0,46,30,14,16,42,98
391,3038,2024-08-23,518,0,0,0,38,13,41,19,298
392,3038,2024-08-24,0,0,0,0,0,0,0,30,0
393,3038,2024-08-25,0,0,0,0,0,0,0,27,0
394,3038,2024-08-26,0,0,0,0,0,0,0,30,0
395,3038,2024-08-27,762,0,1,0,99,26,14,25,156
396,3038,2024-08-28,0,0,0,0,0,0,0,40,0
397,3038,2024-08-29,0,0,0,0,0,0,0,22,0
398,3038,2024-08-30,713,0,0,0,77,21,8,30,70
399,3038,2024-08-31,0,0,1,0,0,0,0,40,0
400,3038,2024-09-01,0,0,0,8,99,24,13,19,231
401,3038,2024-09-02,0,0,0,0,0,0,0,41,0
402,3038,2024-09-03,829,0,0,0,157,36,45,35,292
403,3038,2024-09-04,0,0,1,0,0,0,0,32,0
404,3038,2024-09-05,0,0,0,0,0,0,0,23,0
405,3038,2024-09-06,953,0,1,0,37,6,15,18,54
406,3038,2024-09-07,748,0,0,0,185,46,13,50,289
407,3038,2024-09-08,0,0,1,0,0,0,0,44,0
408,3038,2024-09-09,277,0,0,0,95,27,45,34,214
409,3038,2024-09-10,860,0,0,0,83,25,10,29,164
410,3038,2024-09-11,844,0,0,0,175,50,5,48,171
411,3038,2024-09-12,935,0,1,0,5,1,28,20,83
412,3038,2024-09-13,0,0,0,0,0,0,0,38,0
413,3038,2024-09-14,697,0,0,0,2,4,36,37,186
414,3038,2024-09-15,615,0,0,0,92,28,46,41,52
415,3038,2024-09-16,0,0,0,0,0,0,0,33,0
416,3038,2024-09-17,918,0,1,0,136,33,8,46,160
417,3038,2024-09-18,0,0,0,0,0,0,0,26,0
418,3038,2024-09-19,0,0,0,0,0,0,0,34,0
419,3038,2024-09-20,829,0,0,0,19,3,2,35,242
420,3038,2024-09-21,284,0,0,0,139,35,36,30,218
421,3038,2024-09-22,0,0,1,0,0,0,0,20,0
422,3038,2024-09-23,0,0,0,0,0,0,0,37,0
423,3038,2024-09-24,0,0,0,0,0,0,0,47,0
424,3038,2024-09-25,0,0,0,0,0,0,0,47,0
425,3038,2024-09-26,591,0,0,0,140,27,11,48,129
426,3038,2024-09-27,970,0,0,0,129,33,30,48,237
427,3038,2024-09-28,543,0,0,0,95,28,44,16,29
428,3038,2024-09-29,0,0,1,0,0,0,0,50,0
429,3038,2024-09-30,0,0,0,0,0,0,0,44,0
430,3038,2024-10-01,945,0,0,0,121,31,37,22,299
431,3038,2024-10-02,607,0,1,0,158,42,49,21,152
432,3038,2024-10-03,586,0,0,0,188,44,27,37,207
433,3038,2024-10-04,0,0,1,0,0,0,0,34,0
434,3038,2024-10-05,0,42,1,0,74,23,34,44,191
435,3038,2024-10-06,0,0,0,0,0,0,0,33,0
436,3038,2024-10-07,0,0,1,0,0,0,0,49,0
437,3038,2024-10-08,345,0,1,0,67,23,8,41,130
438,3038,2024-10-09,0,0,0,14,101,27,12,37,96
439,3038,2024-10-10,486,0,0,0,74,20,47,25,157
440,3038,2024-10-11,899,0,0,0,133,36,41,50,20
441,3038,2024-10-12,689,0,0,0,78,20,0,38,221
442,3038,2024-10-13,495,0,0,0,83,28,18,46,47
443,3038,2024-10-14,0,0,0,0,0,0,0,15,0
444,3038,2024-10-15,0,0,1,0,0,0,0,44,0
445,3038,2024-10-16,355,0,0,0,58,22,11,43,294
446,3038,2024-10-17,475,0,0,0,91,27,31,16,35
447,3038,2024-10-18,0,0,0,0,0,0,0,45,0
448,3038,2024-10-19,334,0,1,0,123,37,21,24,168
449,3038,2024-10-20,0,61,0,0,193,49,0,46,105
450,3038,2024-10-21,885,0,0,0,115,29,38,20,196
451,3038,2024-10-22,403,0,0,0,125,34,25,49,22
452,3038,2024-10-23,464,0,0,0,81,24,46,16,122
453,3038,2024-10-24,611,0,0,0,86,28,3,42,56
454,3038,2024-10-25,0,0,1,0,0,0,0,33,0
455,3038,2024-10-26,525,0,0,0,40,6,28,44,296
456,3038,2024-10-27,0,0,0,0,0,0,0,27,0
457,3038,2024-10-28,762,0,0,0,173,46,46,48,287
458,3038,2024-10-29,330,0,0,0,19,17,42,34,180
459,3038,2024-10-30,0,0,0,0,0,0,0,34,0
460,3038,2024-10-31,942,0,0,0,120,30,30,24,101
461,8601,2024-08-01,805,0,1,0,36,6,5,31,283
462,8601,2024-08-02,235,0,1,0,54,23,32,17,175
463,8601,2024-08-03,514,0,0,0,196,50,28,49,51
464,8601,2024-08-04,418,0,0,0,73,25,17,41,170
465,8601,2024-08-05,0,0,0,0,0,0,0,36,0
466,8601,2024-08-06,0,0,0,0,0,0,0,25,0
467,8601,2024-08-07,0,0,0,0,0,0,0,35,0
468,8601,2024-08-08,0,0,0,0,0,0,0,42,0
469,8601,2024-08-09,303,0,0,0,113,36,42,43,217
470,8601,2024-08-10,0,0,0,0,0,0,0,41,0
471,8601,2024-08-11,0,0,0,0,0,0,0,42,0
472,8601,2024-08-12,0,0,0,0,0,0,0,49,0
473,8601,2024-08-13,926,0,0,0,30,9,25,21,132
474,8601,2024-08-14,981,0,1,0,40,10,39,46,47
475,8601,2024-08-15,0,0,1,0,0,0,0,30,0
476,8601,2024-08-16,328,56,1,0,192,46,2,25,73
477,8601,2024-08-17,0,0,1,0,0,0,0,32,0
478,8601,2024-08-18,635,0,0,0,124,32,32,26,232
479,8601,2024-08-19,0,0,1,0,0,0,0,23,0
480,8601,2024-08-20,0,75,0,0,35,2,43,43,217
481,8601,2024-08-21,996,0,0,0,200,49,37,17,191
482,8601,2024-08-22,0,0,0,0,0,0,0,20,0
483,8601,2024-08-23,0,0,0,0,0,0,0,16,0
484,8601,2024-08-24,0,0,0,0,0,0,0,23,0
485,8601,2024-08-25,0,0,1,0,0,0,0,31,0
486,8601,2024-08-26,0,0,1,0,0,0,0,26,0
487,8601,2024-08-27,917,0,0,0,184,47,24,21,279
488,8601,2024-08-28,0,0,0,0,0,0,0,26,0
489,8601,2024-08-29,0,0,0,0,0,0,0,23,0
490,8601,2024-08-30,855,0,1,0,33,5,40,42,147
491,8601,2024-08-31,336,0,1,0,101,27,10,24,66
492,8601,2024-09-01,448,0,0,0,80,23,25,24,283
493,8601,2024-09-02,0,0,0,0,0,0,0,25,0
494,8601,2024-09-03,0,0,0,0,0,0,0,34,0
495,8601,2024-09-04,0,0,1,0,0,0,0,37,0
496,8601,2024-09-05,770,0,0,0,125,35,28,15,129
497,8601,2024-09-06,0,0,0,0,0,0,0,50,0
498,8601,2024-09-07,0,0,1,0,0,0,0,35,0
499,8601,2024-09-08,408,0,0,0,146,33,45,18,58
500,8601,2024-09-09,0,0,0,0,0,0,0,30,0
501,8601,2024-09-10,0,0,0,0,0,0,0,38,0
502,8601,2024-09-11,880,0,1,0,72,21,31,27,57
503,8601,2024-09-12,0,89,1,0,92,24,16,23,121
504,8601,2024-09-13,240,0,1,0,91,26,39,23,132
505,8601,2024-09-14,0,0,0,0,0,0,0,23,0
506,8601,2024-09-15,0,0,0,0,0,0,0,42,0
507,8601,2024-09-16,0,0,0,0,0,0,0,36,0
508,8601,2024-09-17,799,0,0,0,81,26,34,18,229
509,8601,2024-09-18,0,0,0,0,0,0,0,36,0
510,8601,2024-09-19,0,0,1,0,0,0,0,46,0
511,8601,2024-09-20,0,0,0,0,0,0,0,25,0
512,8601,2024-09-21,442,0,1,0,6,2,6,24,200
513,8601,2024-09-22,897,0,1,0,63,22,22,25,90
514,8601,2024-09-23,0,0,0,0,0,0,0,23,0
515,8601,2024-09-24,906,43,0,0,135,34,41,44,45
516,8601,2024-09-25,0,62,1,0,174,48,21,45,106
517,8601,2024-09-26,808,0,0,0,13,25,29,50,73
518,8601,2024-09-27,783,47,1,0,110,29,41,48,125
519,8601,2024-09-28,669,0,0,0,144,37,37,31,155
520,8601,2024-09-29,798,0,0,0,183,48,27,15,117
521,8601,2024-09-30,0,0,1,0,0,0,0,16,0
522,8601,2024-10-01,566,0,0,0,188,43,30,19,196
523,8601,2024-10-02,0,0,1,0,0,0,0,44,0
524,8601,2024-10-03,0,0,0,0,0,0,0,34,0
525,8601,2024-10-04,0,0,0,0,0,0,0,38,0
526,8601,2024-10-05,0,0,0,0,0,0,0,36,0
527,8601,2024-10-06,0,0,0,0,0,0,0,17,0
528,8601,2024-10-07,0,0,0,0,0,0,0,34,0
529,8601,2024-10-08,0,0,0,0,0,0,0,37,0
530,8601,2024-10-09,0,0,0,0,0,0,0,40,0
531,8601,2024-10-10,0,0,1,11,84,24,44,15,157
532,8601,2024-10-11,394,0,1,0,29,5,0,35,101
533,8601,2024-10-12,633,0,0,0,164,41,31,37,139
534,8601,2024-10-13,249,0,1,0,154,36,2,45,152
535,8601,2024-10-14,0,0,1,3,66,23,26,15,68
536,8601,2024-10-15,0,0,0,0,0,0,0,21,0
537,8601,2024-10-16,0,0,1,0,0,0,0,35,0
538,8601,2024-10-17,0,0,0,0,0,0,0,19,0
539,8601,2024-10-18,0,0,0,0,0,0,0,40,0
540,8601,2024-10-19,0,0,0,0,0,0,0,45,0
541,8601,2024-10-20,0,0,0,0,0,0,0,22,0
542,8601,2024-10-21,0,0,0,0,0,0,0,23,0
543,8601,2024-10-22,0,0,0,0,0,0,0,17,0
544,8601,2024-10-23,0,0,0,0,0,0,0,23,0
545,8601,2024-10-24,0,0,1,0,0,0,0,22,0
546,8601,2024-10-25,0,0,0,0,0,0,0,25,0
547,8601,2024-10-26,0,0,1,0,0,0,0,21,0
548,8601,2024-10-27,0,0,0,0,0,0,0,40,0
549,8601,2024-10-28,0,63,0,0,155,41,33,27,293
550,8601,2024-10-29,866,0,0,0,66,23,44,34,46
551,8601,2024-10-30,392,0,0,0,41,16,17,26,210
552,8601,2024-10-31,772,0,0,0,141,28,28,47,218
553,7131,2024-08-01,0,0,0,0,0,0,0,25,0
554,7131,2024-08-02,0,65,0,0,60,23,30,47,197
555,7131,2024-08-03,652,0,0,0,106,37,26,18,156
556,7131,2024-08-04,0,0,1,0,0,0,0,49,0
557,7131,2024-08-05,0,0,1,41,173,44,10,15,64
558,7131,2024-08-06,0,0,0,0,0,0,0,46,0
559,7131,2024-08-07,549,0,0,0,38,7,34,36,253
560,7131,2024-08-08,0,0,0,0,0,0,0,44,0
561,7131,2024-08-09,460,0,0,0,22,21,3,28,116
562,7131,2024-08-10,0,0,0,0,0,0,0,24,0
563,7131,2024-08-11,479,0,0,0,141,36,48,27,78
564,7131,2024-08-12,362,88,0,0,5,6,43,31,236
565,7131,2024-08-13,0,73,1,0,171,40,47,24,119
566,7131,2024-08-14,0,0,0,0,0,0,0,40,0
567,7131,2024-08-15,732,0,0,0,113,27,46,17,94
568,7131,2024-08-16,915,79,0,29,6,7,3,40,218
569,7131,2024-08-17,543,0,0,0,159,38,16,28,141
570,7131,2024-08-18,0,0,0,0,0,0,0,16,0
571,7131,2024-08-19,0,0,0,0,0,0,0,40,0
572,7131,2024-08-20,657,0,1,0,127,34,17,32,181
573,7131,2024-08-21,0,0,0,0,0,0,0,38,0
574,7131,2024-08-22,279,84,0,0,14,13,41,36,78
575,7131,2024-08-23,889,0,1,0,58,23,17,43,98
576,7131,2024-08-24,0,0,0,0,0,0,0,43,0
577,7131,2024-08-25,585,0,0,0,105,33,41,27,103
578,7131,2024-08-26,0,0,1,44,28,3,46,26,233
579,7131,2024-08-27,458,0,1,0,14,3,47,22,83
580,7131,2024-08-28,879,0,0,0,97,26,43,20,298
581,7131,2024-08-29,0,0,0,0,0,0,0,46,0
582,7131,2024-08-30,351,0,1,0,134,30,41,26,188
583,7131,2024-08-31,0,0,0,0,0,0,0,38,0
584,7131,2024-09-01,0,0,1,0,0,0,0,47,0
585,7131,2024-09-02,381,0,1,0,32,3,30,36,295
586,7131,2024-09-03,642,0,0,0,165,37,30,49,77
587,7131,2024-09-04,0,0,0,0,0,0,0,16,0
588,7131,2024-09-05,0,33,0,0,164,36,28,15,219
589,7131,2024-09-06,676,0,0,0,164,45,37,26,225
590,7131,2024-09-07,726,0,0,0,69,24,30,39,86
591,7131,2024-09-08,0,0,0,0,0,0,0,16,0
592,7131,2024-09-09,818,0,0,0,62,24,30,16,289
593,7131,2024-09-10,0,0,0,0,0,0,0,20,0
594,7131,2024-09-11,304,0,0,42,47,16,31,48,279
595,7131,2024-09-12,0,0,0,25,122,31,32,17,122
596,7131,2024-09-13,981,0,1,0,185,50,31,19,224
597,7131,2024-09-14,0,0,0,0,0,0,0,31,0
598,7131,2024-09-15,754,0,1,0,176,48,12,19,213
599,7131,2024-09-16,916,0,0,0,187,43,31,36,254
600,7131,2024-09-17,615,0,0,0,196,46,22,46,155
601,7131,2024-09-18,0,0,1,0,0,0,0,28,0
602,7131,2024-09-19,0,0,0,0,0,0,0,36,0
603,7131,2024-09-20,426,0,0,0,191,48,16,41,208
604,7131,2024-09-21,454,0,0,0,72,25,21,45,231
605,7131,2024-09-22,0,0,0,0,0,0,0,32,0
606,7131,2024-09-23,0,0,0,0,0,0,0,31,0
607,7131,2024-09-24,0,0,0,0,0,0,0,33,0
608,7131,2024-09-25,477,0,1,30,0,0,18,24,287
609,7131,2024-09-26,748,0,0,0,61,21,45,25,286
610,7131,2024-09-27,0,0,0,0,0,0,0,50,0
611,7131,2024-09-28,419,0,0,0,200,46,42,20,94
612,7131,2024-09-29,0,0,0,0,0,0,0,40,0
613,7131,2024-09-30,359,0,0,0,11,12,25,45,28
614,7131,2024-10-01,740,83,0,0,198,47,19,25,85
615,7131,2024-10-02,855,0,0,0,126,36,16,21,155
616,7131,2024-10-03,0,0,0,0,0,0,0,28,0
617,7131,2024-10-04,291,0,1,0,92,29,12,50,273
618,7131,2024-10-05,349,0,1,0,106,36,45,30,202
619,7131,2024-10-06,439,0,0,0,32,22,41,21,246
620,7131,2024-10-07,0,0,1,0,0,0,0,38,0
621,7131,2024-10-08,503,0,0,0,110,35,4,24,79
622,7131,2024-10-09,0,0,0,0,0,0,0,23,0
623,7131,2024-10-10,0,0,0,0,0,0,0,24,0
624,7131,2024-10-11,771,0,0,0,26,15,7,21,36
625,7131,2024-10-12,535,0,0,0,44,4,28,31,119
626,7131,2024-10-13,307,68,1,0,83,30,36,29,82
627,7131,2024-10-14,0,0,0,50,200,48,43,36,190
628,7131,2024-10-15,0,36,1,0,152,40,12,50,88
629,7131,2024-10-16,931,61,1,0,193,46,50,48,148
630,7131,2024-10-17,954,45,0,0,133,32,0,36,80
631,7131,2024-10-18,0,0,0,0,0,0,0,40,0
632,7131,2024-10-19,0,0,0,0,0,0,0,41,0
633,7131,2024-10-20,0,0,0,0,0,0,0,50,0
634,7131,2024-10-21,0,0,1,0,0,0,0,40,0
635,7131,2024-10-22,0,0,0,0,0,0,0,22,0
636,7131,2024-10-23,0,0,0,0,0,0,0,26,0
637,7131,2024-10-24,0,0,0,0,0,0,0,43,0
638,7131,2024-10-25,0,0,1,0,0,0,0,44,0
639,7131,2024-10-26,0,0,0,0,0,0,0,33,0
640,7131,2024-10-27,456,0,0,0,101,37,47,40,204
641,7131,2024-10-28,0,0,0,0,0,0,0,25,0
642,7131,2024-10-29,248,62,1,0,168,40,34,17,114
643,7131,2024-10-30,0,0,0,0,0,0,0,24,0
644,7131,2024-10-31,696,0,0,0,164,42,38,16,161
645,5690,2024-08-01,594,0,0,0,148,34,3,34,253
646,5690,2024-08-02,942,0,0,0,70,25,32,22,108
647,5690,2024-08-03,0,0,1,0,0,0,0,23,0
648,5690,2024-08-04,0,0,0,0,0,0,0,34,0
649,5690,2024-08-05,0,0,0,0,0,0,0,45,0
650,5690,2024-08-06,0,0,0,0,0,0,0,30,0
651,5690,2024-08-07,0,0,0,0,0,0,0,50,0
652,5690,2024-08-08,455,0,0,0,155,30,42,38,224
653,5690,2024-08-09,858,0,0,0,68,20,42,37,83
654,5690,2024-08-10,876,0,1,0,36,16,21,38,112
655,5690,2024-08-11,368,0,1,0,82,23,16,47,239
656,5690,2024-08-12,470,0,0,0,164,38,42,38,270
657,5690,2024-08-13,0,0,0,0,0,0,0,30,0
658,5690,2024-08-14,778,0,0,0,40,13,21,40,201
659,5690,2024-08-15,0,0,1,0,0,0,0,29,0
660,5690,2024-08-16,0,0,1,0,0,0,0,23,0
661,5690,2024-08-17,0,0,0,0,0,0,0,24,0
662,5690,2024-08-18,0,0,0,0,0,0,0,43,0
663,5690,2024-08-19,0,0,0,0,0,0,0,43,0
664,5690,2024-08-20,0,0,1,0,0,0,0,49,0
665,5690,2024-08-21,286,0,0,0,165,40,41,24,254
666,5690,2024-08-22,0,0,0,0,0,0,0,29,0
667,5690,2024-08-23,0,95,0,32,114,30,42,41,102
668,5690,2024-08-24,692,0,0,0,53,17,39,15,210
669,5690,2024-08-25,617,0,1,0,120,37,9,20,231
670,5690,2024-08-26,653,0,0,0,31,13,5,24,63
671,5690,2024-08-27,0,0,1,0,0,0,0,34,0
672,5690,2024-08-28,272,0,0,0,149,36,41,46,276
673,5690,2024-08-29,0,0,1,0,0,0,0,45,0
674,5690,2024-08-30,0,0,0,0,0,0,0,26,0
675,5690,2024-08-31,996,0,0,0,93,25,7,31,100
676,5690,2024-09-01,765,92,0,0,175,41,33,16,142
677,5690,2024-09-02,0,0,1,0,0,0,0,49,0
678,5690,2024-09-03,659,0,0,0,11,23,29,26,168
679,5690,2024-09-04,0,0,0,0,0,0,0,38,0
680,5690,2024-09-05,0,0,0,0,0,0,0,36,0
681,5690,2024-09-06,0,0,0,0,0,0,0,41,0
682,5690,2024-09-07,0,0,0,0,0,0,0,48,0
683,5690,2024-09-08,520,0,0,37,5,19,31,35,32
684,5690,2024-09-09,0,0,0,0,0,0,0,28,0
685,5690,2024-09-10,0,0,0,0,0,0,0,30,0
686,5690,2024-09-11,0,0,0,0,0,0,0,41,0
687,5690,2024-09-12,387,0,0,0,18,16,41,16,140
688,5690,2024-09-13,0,0,0,0,0,0,0,34,0
689,5690,2024-09-14,0,0,0,0,0,0,0,20,0
690,5690,2024-09-15,433,0,0,0,159,35,12,29,216
691,5690,2024-09-16,0,0,0,0,0,0,0,33,0
692,5690,2024-09-17,678,59,0,0,197,50,8,22,247
693,5690,2024-09-18,0,0,0,0,0,0,0,44,0
694,5690,2024-09-19,0,0,1,0,0,0,0,28,0
695,5690,2024-09-20,527,0,0,2,36,15,32,22,137
696,5690,2024-09-21,0,0,0,0,0,0,0,42,0
697,5690,2024-09-22,381,0,0,0,62,23,13,47,206
698,5690,2024-09-23,937,0,1,0,72,23,7,18,131
699,5690,2024-09-24,0,0,0,0,0,0,0,24,0
700,5690,2024-09-25,844,0,0,0,89,28,40,20,72
701,5690,2024-09-26,0,0,0,16,183,47,27,33,243
702,5690,2024-09-27,0,0,1,0,0,0,0,21,0
703,5690,2024-09-28,0,0,0,0,0,0,0,39,0
704,5690,2024-09-29,0,0,1,0,0,0,0,26,0
705,5690,2024-09-30,0,0,0,0,0,0,0,42,0
706,5690,2024-10-01,601,0,0,32,106,35,1,17,63
707,5690,2024-10-02,0,0,1,0,0,0,0,34,0
708,5690,2024-10-03,713,0,0,0,45,6,20,25,243
709,5690,2024-10-04,0,0,0,0,0,0,0,32,0
710,5690,2024-10-05,0,0,0,0,0,0,0,49,0
711,5690,2024-10-06,964,0,1,0,61,24,10,24,82
712,5690,2024-10-07,904,0,0,0,13,9,10,30,45
713,5690,2024-10-08,0,0,0,0,0,0,0,40,0
714,5690,2024-10-09,0,0,1,0,0,0,0,25,0
715,5690,2024-10-10,0,0,1,0,0,0,0,16,0
716,5690,2024-10-11,0,0,1,0,0,0,0,42,0
717,5690,2024-10-12,0,0,0,0,0,0,0,21,0
718,5690,2024-10-13,0,0,0,0,0,0,0,21,0
719,5690,2024-10-14,688,46,0,0,109,37,25,42,199
720,5690,2024-10-15,345,0,0,0,89,23,41,42,167
721,5690,2024-10-16,0,0,1,0,0,0,0,39,0
722,5690,2024-10-17,287,0,0,0,98,27,3,43,89
723,5690,2024-10-18,511,68,0,0,142,36,31,23,88
724,5690,2024-10-19,0,0,0,0,0,0,0,26,0
725,5690,2024-10-20,461,0,0,0,165,45,22,46,211
726,5690,2024-10-21,0,0,0,10,84,27,21,48,288
727,5690,2024-10-22,0,0,0,0,0,0,0,19,0
728,5690,2024-10-23,920,0,0,0,93,32,49,36,78
729,5690,2024-10-24,577,0,0,0,155,30,36,36,286
730,5690,2024-10-25,0,0,1,0,0,0,0,27,0
731,5690,2024-10-26,0,0,0,0,0,0,0,24,0
732,5690,2024-10-27,0,0,0,0,0,0,0,47,0
733,5690,2024-10-28,0,0,0,0,0,0,0,26,0
734,5690,2024-10-29,925,0,0,0,67,23,18,49,95
735,5690,2024-10-30,350,0,0,0,198,49,30,17,158
736,5690,2024-10-31,0,0,0,0,0,0,0,33,0
737,7397,2024-08-01,291,0,1,0,5,21,37,19,34
738,7397,2024-08-02,555,0,0,0,50,10,5,39,47
739,7397,2024-08-03,916,0,0,0,113,29,31,42,246
740,7397,2024-08-04,0,0,0,0,0,0,0,38,0
741,7397,2024-08-05,713,0,0,0,12,21,5,49,265
742,7397,2024-08-06,0,0,1,0,0,0,0,22,0
743,7397,2024-08-07,0,0,0,0,0,0,0,37,0
744,7397,2024-08-08,657,0,0,0,84,29,34,43,159
745,7397,2024-08-09,305,0,0,0,118,34,22,39,125
746,7397,2024-08-10,0,0,0,0,0,0,0,28,0
747,7397,2024-08-11,273,0,0,0,73,26,45,50,25
748,7397,2024-08-12,0,0,0,0,0,0,0,34,0
749,7397,2024-08-13,329,0,0,0,61,21,1,32,248
750,7397,2024-08-14,0,0,0,0,0,0,0,16,0
751,7397,2024-08-15,936,0,0,0,121,33,42,15,236
752,7397,2024-08-16,348,0,0,0,26,18,8,35,224
753,7397,2024-08-17,673,0,0,0,81,29,18,24,79
754,7397,2024-08-18,0,0,0,0,0,0,0,19,0
755,7397,2024-08-19,0,0,0,0,0,0,0,46,0
756,7397,2024-08-20,0,0,0,0,0,0,0,34,0
757,7397,2024-08-21,615,0,1,0,112,34,8,42,195
758,7397,2024-08-22,0,0,0,0,0,0,0,20,0
759,7397,2024-08-23,317,83,1,0,75,25,0,46,34
760,7397,2024-08-24,507,0,0,0,35,14,24,49,51
761,7397,2024-08-25,0,0,0,0,0,0,0,44,0
762,7397,2024-08-26,0,0,0,0,0,0,0,18,0
763,7397,2024-08-27,729,0,0,0,101,26,43,44,234
764,7397,2024-08-28,959,0,0,0,196,45,20,32,168
765,7397,2024-08-29,0,0,0,0,0,0,0,30,0
766,7397,2024-08-30,0,0,0,0,0,0,0,23,0
767,7397,2024-08-31,407,0,0,0,128,30,46,15,54
768,7397,2024-09-01,0,0,1,0,0,0,0,40,0
769,7397,2024-09-02,0,0,0,0,0,0,0,22,0
770,7397,2024-09-03,788,0,0,0,138,28,40,48,269
771,7397,2024-09-04,393,0,0,0,16,0,25,44,217
772,7397,2024-09-05,0,0,0,0,0,0,0,27,0
773,7397,2024-09-06,0,0,0,0,0,0,0,50,0
774,7397,2024-09-07,679,0,0,0,72,26,50,18,67
775,7397,2024-09-08,0,0,0,0,0,0,0,32,0
776,7397,2024-09-09,0,77,1,0,166,34,42,32,255
777,7397,2024-09-10,0,0,1,0,0,0,0,20,0
778,7397,2024-09-11,0,0,1,0,0,0,0,40,0
779,7397,2024-09-12,361,0,0,0,78,27,11,43,71
780,7397,2024-09-13,0,0,0,0,0,0,0,31,0
781,7397,2024-09-14,360,0,1,0,190,43,39,27,223
782,7397,2024-09-15,0,0,0,0,0,0,0,50,0
783,7397,2024-09-16,0,84,1,0,184,43,12,19,19
784,7397,2024-09-17,0,0,1,0,0,0,0,15,0
785,7397,2024-09-18,0,0,0,0,0,0,0,36,0
786,7397,2024-09-19,0,0,0,0,0,0,0,19,0
787,7397,2024-09-20,0,0,0,0,0,0,0,42,0
788,7397,2024-09-21,681,0,0,0,195,46,8,28,257
789,7397,2024-09-22,688,0,0,0,170,39,22,16,45
790,7397,2024-09-23,705,77,0,0,73,22,2,21,269
791,7397,2024-09-24,0,0,0,0,0,0,0,17,0
792,7397,2024-09-25,687,0,0,0,130,34,24,40,199
793,7397,2024-09-26,316,0,0,0,105,30,2,31,137
794,7397,2024-09-27,327,0,1,0,44,15,7,36,227
795,7397,2024-09-28,0,0,0,0,0,0,0,16,0
796,7397,2024-09-29,656,0,1,0,29,3,44,39,212
797,7397,2024-09-30,0,0,0,0,0,0,0,37,0
798,7397,2024-10-01,0,0,0,0,0,0,0,22,0
799,7397,2024-10-02,954,0,0,0,107,27,32,43,112
800,7397,2024-10-03,0,0,0,0,0,0,0,31,0
801,7397,2024-10-04,534,0,0,0,47,20,28,42,268
802,7397,2024-10-05,0,0,0,0,0,0,0,16,0
803,7397,2024-10-06,0,93,0,0,153,40,8,16,289
804,7397,2024-10-07,787,36,0,0,29,8,6,24,23
805,7397,2024-10-08,0,0,0,0,0,0,0,15,0
806,7397,2024-10-09,0,0,0,0,0,0,0,44,0
807,7397,2024-10-10,0,0,0,0,0,0,0,47,0
808,7397,2024-10-11,556,0,0,0,173,40,9,41,246
809,7397,2024-10-12,814,0,0,0,135,38,49,17,279
810,7397,2024-10-13,0,60,0,0,80,26,9,47,29
811,7397,2024-10-14,546,0,0,0,91,28,36,21,65
812,7397,2024-10-15,0,0,0,0,0,0,0,35,0
813,7397,2024-10-16,0,0,1,0,0,0,0,24,0
814,7397,2024-10-17,0,0,0,0,0,0,0,19,0
815,7397,2024-10-18,843,0,0,0,165,42,8,27,133
816,7397,2024-10-19,777,0,0,0,35,4,12,16,283
817,7397,2024-10-20,469,34,0,0,79,26,13,29,75
818,7397,2024-10-21,0,0,0,0,0,0,0,42,0
819,7397,2024-10-22,965,0,1,0,11,18,45,45,299
820,7397,2024-10-23,587,0,0,0,120,34,47,25,46
821,7397,2024-10-24,0,0,0,23,17,7,38,27,23
822,7397,2024-10-25,740,0,0,0,105,31,47,49,297
823,7397,2024-10-26,509,0,0,0,25,6,49,22,269
824,7397,2024-10-27,0,0,0,0,0,0,0,18,0
825,7397,2024-10-28,991,0,0,0,55,21,46,38,117
826,7397,2024-10-29,0,0,0,0,0,0,0,37,0
827,7397,2024-10-30,999,0,0,0,149,34,17,34,43
828,7397,2024-10-31,0,0,0,0,0,0,0,41,0
829,1748,2024-08-01,361,55,0,0,34,4,15,26,81
830,1748,2024-08-02,420,0,1,0,27,1,33,20,15
831,1748,2024-08-03,0,0,1,0,0,0,0,40,0
832,1748,2024-08-04,0,0,1,0,0,0,0,50,0
833,1748,2024-08-05,0,82,1,0,87,28,30,32,101
834,1748,2024-08-06,0,0,0,0,0,0,0,43,0
835,1748,2024-08-07,0,0,1,0,0,0,0,19,0
836,1748,2024-08-08,0,0,0,0,0,0,0,16,0
837,1748,2024-08-09,559,0,0,0,192,49,6,36,138
838,1748,2024-08-10,0,0,0,0,0,0,0,38,0
839,1748,2024-08-11,389,0,0,0,194,50,20,25,114
840,1748,2024-08-12,0,0,0,0,0,0,0,47,0
841,1748,2024-08-13,0,0,0,0,0,0,0,48,0
842,1748,2024-08-14,0,0,0,0,0,0,0,15,0
843,1748,2024-08-15,0,0,1,0,0,0,0,21,0
844,1748,2024-08-16,0,0,0,0,0,0,0,18,0
845,1748,2024-08-17,319,0,1,0,180,48,30,30,115
846,1748,2024-08-18,0,0,0,0,0,0,0,23,0
847,1748,2024-08-19,0,0,0,0,0,0,0,17,0
848,1748,2024-08-20,461,0,0,0,6,21,48,25,74
849,1748,2024-08-21,256,0,0,0,57,22,35,27,268
850,1748,2024-08-22,0,0,0,0,0,0,0,29,0
851,1748,2024-08-23,276,0,0,0,141,39,9,17,261
852,1748,2024-08-24,0,0,0,0,0,0,0,37,0
853,1748,2024-08-25,650,0,0,0,174,40,37,31,187
854,1748,2024-08-26,609,0,0,0,183,43,37,18,55
855,1748,2024-08-27,0,0,0,0,0,0,0,32,0
856,1748,2024-08-28,0,0,1,0,0,0,0,23,0
857,1748,2024-08-29,0,0,0,0,0,0,0,33,0
858,1748,2024-08-30,911,0,1,0,165,39,38,36,103
859,1748,2024-08-31,583,0,0,0,51,24,32,23,25
860,1748,2024-09-01,0,76,0,0,146,32,50,15,297
861,1748,2024-09-02,0,0,0,0,0,0,0,23,0
862,1748,2024-09-03,0,0,1,0,0,0,0,22,0
863,1748,2024-09-04,524,0,1,49,173,48,49,36,105
864,1748,2024-09-05,0,0,0,0,0,0,0,27,0
865,1748,2024-09-06,0,0,0,0,0,0,0,31,0
866,1748,2024-09-07,0,0,0,0,0,0,0,48,0
867,1748,2024-09-08,0,0,0,0,0,0,0,38,0
868,1748,2024-09-09,677,0,0,0,177,48,43,19,260
869,1748,2024-09-10,474,0,0,0,196,48,36,28,77
870,1748,2024-09-11,0,0,1,0,0,0,0,40,0
871,1748,2024-09-12,0,0,0,0,0,0,0,47,0
872,1748,2024-09-13,0,0,0,0,0,0,0,39,0
873,1748,2024-09-14,0,0,0,0,0,0,0,46,0
874,1748,2024-09-15,0,0,0,0,0,0,0,28,0
875,1748,2024-09-16,317,0,1,0,100,25,0,44,83
876,1748,2024-09-17,0,0,0,0,0,0,0,50,0
877,1748,2024-09-18,0,0,0,0,0,0,0,23,0
878,1748,2024-09-19,0,0,1,0,0,0,0,30,0
879,1748,2024-09-20,0,0,0,0,0,0,0,44,0
880,1748,2024-09-21,289,0,0,0,106,29,34,18,227
881,1748,2024-09-22,0,0,1,0,0,0,0,40,0
882,1748,2024-09-23,0,0,0,0,0,0,0,35,0
883,1748,2024-09-24,0,0,0,0,0,0,0,46,0
884,1748,2024-09-25,842,0,1,0,187,45,33,18,287
885,1748,2024-09-26,0,0,0,0,0,0,0,42,0
886,1748,2024-09-27,0,0,0,0,0,0,0,25,0
887,1748,2024-09-28,0,0,0,0,0,0,0,19,0
888,1748,2024-09-29,0,0,0,0,0,0,0,34,0
889,1748,2024-09-30,0,31,0,0,186,47,35,22,28
890,1748,2024-10-01,642,0,1,0,191,47,31,49,163
891,1748,2024-10-02,0,0,0,0,0,0,0,24,0
892,1748,2024-10-03,604,0,0,0,4,24,38,34,247
893,1748,2024-10-04,0,0,1,0,0,0,0,36,0
894,1748,2024-10-05,687,0,1,0,84,26,26,27,30
895,1748,2024-10-06,682,0,0,0,172,49,4,46,160
896,1748,2024-10-07,0,0,0,0,0,0,0,27,0
897,1748,2024-10-08,838,0,0,0,90,29,15,40,171
898,1748,2024-10-09,896,0,0,0,161,41,36,46,90
899,1748,2024-10-10,0,0,0,0,0,0,0,19,0
900,1748,2024-10-11,0,0,1,0,0,0,0,31,0
901,1748,2024-10-12,408,80,0,0,53,17,38,50,115
902,1748,2024-10-13,396,0,1,0,31,23,3,21,291
903,1748,2024-10-14,0,0,1,0,0,0,0,29,0
904,1748,2024-10-15,646,89,0,0,8,13,30,15,15
905,1748,2024-10-16,0,0,0,0,0,0,0,49,0
906,1748,2024-10-17,0,0,1,0,0,0,0,25,0
907,1748,2024-10-18,0,0,1,0,0,0,0,40,0
908,1748,2024-10-19,414,0,0,0,167,34,31,48,258
909,1748,2024-10-20,437,0,0,0,38,9,50,20,29
910,1748,2024-10-21,742,0,0,0,49,15,2,22,78
911,1748,2024-10-22,0,0,1,0,0,0,0,18,0
912,1748,2024-10-23,0,0,1,0,0,0,0,25,0
913,1748,2024-10-24,0,0,0,0,0,0,0,35,0
914,1748,2024-10-25,0,0,0,0,0,0,0,20,0
915,1748,2024-10-26,391,53,0,0,8,23,27,28,48
916,1748,2024-10-27,728,0,0,0,65,20,23,46,278
917,1748,2024-10-28,816,0,0,0,143,35,7,40,167
918,1748,2024-10-29,0,0,0,0,0,0,0,37,0
919,1748,2024-10-30,0,0,0,35,161,38,25,19,254
920,1748,2024-10-31,0,0,0,0,0,0,0,44,0
921,7577,2024-08-01,306,0,0,0,194,46,42,33,127
922,7577,2024-08-02,0,0,0,0,0,0,0,42,0
923,7577,2024-08-03,0,0,0,29,141,39,25,32,40
924,7577,2024-08-04,497,0,1,46,148,37,41,30,143
925,7577,2024-08-05,975,0,1,0,37,8,26,17,111
926,7577,2024-08-06,0,0,0,4,8,11,1,42,42
927,7577,2024-08-07,424,0,0,0,151,34,48,43,44
928,7577,2024-08-08,0,0,0,0,0,0,0,37,0
929,7577,2024-08-09,0,0,0,0,0,0,0,22,0
930,7577,2024-08-10,0,49,0,0,75,27,36,41,30
931,7577,2024-08-11,713,0,0,0,127,31,6,33,292
932,7577,2024-08-12,0,0,0,0,0,0,0,30,0
933,7577,2024-08-13,0,0,0,0,0,0,0,20,0
934,7577,2024-08-14,946,0,0,0,177,47,26,24,23
935,7577,2024-08-15,0,0,0,0,0,0,0,49,0
936,7577,2024-08-16,843,0,0,0,57,24,13,19,296
937,7577,2024-08-17,0,0,1,0,0,0,0,27,0
938,7577,2024-08-18,339,0,1,0,28,8,33,46,78
939,7577,2024-08-19,0,0,0,0,0,0,0,34,0
940,7577,2024-08-20,0,71,0,0,28,22,39,50,171
941,7577,2024-08-21,0,0,0,0,0,0,0,48,0
942,7577,2024-08-22,421,0,0,0,138,29,15,30,263
943,7577,2024-08-23,900,0,0,9,165,39,17,32,17
944,7577,2024-08-24,0,33,0,0,48,17,12,43,29
945,7577,2024-08-25,0,0,0,0,0,0,0,18,0
946,7577,2024-08-26,0,0,0,0,0,0,0,22,0
947,7577,2024-08-27,0,0,0,0,0,0,0,32,0
948,7577,2024-08-28,0,0,0,0,0,0,0,15,0
949,7577,2024-08-29,0,0,0,0,0,0,0,23,0
950,7577,2024-08-30,0,0,0,0,0,0,0,47,0
951,7577,2024-08-31,0,0,0,0,0,0,0,23,0
952,7577,2024-09-01,0,0,0,0,0,0,0,38,0
953,7577,2024-09-02,783,44,0,0,119,31,44,24,224
954,7577,2024-09-03,0,0,0,0,0,0,0,46,0
955,7577,2024-09-04,0,0,1,0,0,0,0,48,0
956,7577,2024-09-05,0,0,1,0,0,0,0,45,0
957,7577,2024-09-06,850,0,0,0,196,50,30,39,206
958,7577,2024-09-07,0,0,1,0,0,0,0,45,0
959,7577,2024-09-08,0,0,0,0,0,0,0,27,0
960,7577,2024-09-09,546,0,1,26,9,2,16,32,266
961,7577,2024-09-10,536,0,0,0,184,46,14,48,100
962,7577,2024-09-11,0,0,0,0,0,0,0,47,0
963,7577,2024-09-12,476,0,1,0,113,34,7,35,255
964,7577,2024-09-13,0,0,0,0,0,0,0,39,0
965,7577,2024-09-14,0,0,0,0,0,0,0,50,0
966,7577,2024-09-15,996,0,0,0,148,40,9,15,206
967,7577,2024-09-16,722,0,0,0,2,24,46,22,113
968,7577,2024-09-17,776,0,0,0,1,7,5,39,246
969,7577,2024-09-18,706,0,0,0,80,23,21,24,130
970,7577,2024-09-19,0,0,0,0,0,0,0,31,0
971,7577,2024-09-20,952,0,0,0,70,23,33,40,242
972,7577,2024-09-21,0,0,0,0,0,0,0,30,0
973,7577,2024-09-22,0,0,0,0,0,0,0,37,0
974,7577,2024-09-23,362,0,1,0,198,50,44,25,269
975,7577,2024-09-24,493,0,0,0,181,46,21,42,241
976,7577,2024-09-25,947,0,1,0,79,22,15,44,43
977,7577,2024-09-26,596,0,0,0,197,48,11,34,267
978,7577,2024-09-27,0,0,0,0,0,0,0,18,0
979,7577,2024-09-28,0,0,0,0,0,0,0,20,0
980,7577,2024-09-29,247,0,1,0,59,18,50,38,72
981,7577,2024-09-30,0,0,0,0,0,0,0,29,0
982,7577,2024-10-01,0,0,0,0,0,0,0,24,0
983,7577,2024-10-02,787,0,0,0,166,43,50,32,232
984,7577,2024-10-03,0,0,0,0,0,0,0,36,0
985,7577,2024-10-04,915,0,0,0,195,47,12,29,284
986,7577,2024-10-05,0,0,0,0,0,0,0,41,0
987,7577,2024-10-06,0,0,0,0,0,0,0,20,0
988,7577,2024-10-07,0,0,0,0,0,0,0,16,0
989,7577,2024-10-08,250,0,0,0,87,27,7,30,30
990,7577,2024-10-09,451,0,0,0,171,41,13,19,53
991,7577,2024-10-10,429,83,0,0,29,5,1,49,127
992,7577,2024-10-11,0,68,0,0,135,30,49,16,300
993,7577,2024-10-12,0,0,0,0,0,0,0,20,0
994,7577,2024-10-13,0,0,0,0,0,0,0,21,0
995,7577,2024-10-14,300,0,0,0,88,27,26,21,151
996,7577,2024-10-15,962,0,0,0,188,46,38,40,158
997,7577,2024-10-16,0,0,0,0,0,0,0,20,0
998,7577,2024-10-17,0,0,0,0,0,0,0,25,0
999,7577,2024-10-18,318,0,0,0,66,22,0,24,100
1000,7577,2024-10-19,974,0,0,0,101,26,14,24,152
